{
  "type": "FeatureCollection",
  "name": "Абоненты Алматы — промышленные сточные воды",
  "bbox": [
    76.768185,
    43.192339,
    77.138283,
    43.384533
  ],
  "metadata": {
    "generated_at": "2026-07-27T14:33:42.832Z",
    "crs": "EPSG:4326",
    "coordinate_order": "[longitude, latitude]",
    "feature_count": 183,
    "quality_counts": {
      "source": 123,
      "high": 35,
      "medium": 12,
      "low": 13
    },
    "cluster_eligible_count": 158,
    "note": "Для кластеризации используйте только cluster_eligible=true. medium/low требуют ручной проверки."
  },
  "features": [
    {
      "type": "Feature",
      "id": "abonent-1",
      "geometry": {
        "type": "Point",
        "coordinates": [
          76.772574,
          43.219482
        ]
      },
      "properties": {
        "row_id": 1,
        "contract": 540368,
        "name": "Товарищество с ограниченной ответственностью \"KZ Rececling\"",
        "bin": "210640008862",
        "activity": "Производственный цех",
        "district": "Наурызбайский",
        "address": "АБАЙ КАРАСАЙСКИЙ Р-Н, уч.272/27",
        "month_01_m3": 0,
        "month_02_m3": 0,
        "month_03_m3": 0,
        "month_04_m3": 121903,
        "month_05_m3": 28940,
        "month_06_m3": 33237.32,
        "avg_monthly_m3": 30680.053333333333,
        "volume_class": "A · ≥10k",
        "marker_size": 30,
        "coord_quality": "medium",
        "coord_source": "2gis_company",
        "coord_method": "Карточка предприятия 2GIS; адрес требует сверки",
        "needs_review": true,
        "cluster_eligible": false,
        "coord_source_url": "https://2gis.kz/almaty/firm/9429940000788004",
        "original_coordinates": "",
        "source_coordinate_count": 0,
        "coord_note": "Название совпало; опубликованный адрес отличается от исходного участка."
      }
    },
    {
      "type": "Feature",
      "id": "abonent-2",
      "geometry": {
        "type": "Point",
        "coordinates": [
          76.909357,
          43.261034
        ]
      },
      "properties": {
        "row_id": 2,
        "contract": 1004,
        "name": "Акционерное общество  \"Евразиан Фудс Корпорэйшн\"",
        "bin": "940540001140",
        "activity": "Промышленность",
        "district": "Алмалинский",
        "address": "БАЙЗАКОВА, 69",
        "month_01_m3": 23345.52,
        "month_02_m3": 28691.52,
        "month_03_m3": 31761.18,
        "month_04_m3": 31192.92,
        "month_05_m3": 33467.28,
        "month_06_m3": 34754.94,
        "avg_monthly_m3": 30535.559999999998,
        "volume_class": "A · ≥10k",
        "marker_size": 30,
        "coord_quality": "source",
        "coord_source": "source_workbook",
        "coord_method": "Исходная координата",
        "needs_review": false,
        "cluster_eligible": true,
        "coord_source_url": "",
        "original_coordinates": "43,261034/76,909357",
        "source_coordinate_count": 1,
        "coord_note": ""
      }
    },
    {
      "type": "Feature",
      "id": "abonent-3",
      "geometry": {
        "type": "Point",
        "coordinates": [
          76.9561597,
          43.2641373
        ]
      },
      "properties": {
        "row_id": 3,
        "contract": 3004,
        "name": "Акционерное общество \"ЛОТТЕ РАХАТ\"",
        "bin": "920540000128",
        "activity": "Промышленность",
        "district": "Медеуский",
        "address": "ЗЕНКОВА, 2/А",
        "month_01_m3": 35497.39,
        "month_02_m3": 25045.81,
        "month_03_m3": 26323.43,
        "month_04_m3": 27182.82,
        "month_05_m3": 29832.410000000003,
        "month_06_m3": 23849.94,
        "avg_monthly_m3": 27955.300000000003,
        "volume_class": "A · ≥10k",
        "marker_size": 30,
        "coord_quality": "source",
        "coord_source": "source_workbook",
        "coord_method": "Центроид исходных координат",
        "needs_review": false,
        "cluster_eligible": true,
        "coord_source_url": "",
        "original_coordinates": "43,264786/76,956218\n43,26434/76,956057\n43,263286/76,956204",
        "source_coordinate_count": 3,
        "coord_note": "Центроид 3 исходных точек."
      }
    },
    {
      "type": "Feature",
      "id": "abonent-4",
      "geometry": {
        "type": "Point",
        "coordinates": [
          76.9174795,
          43.3051295
        ]
      },
      "properties": {
        "row_id": 4,
        "contract": 5497,
        "name": "Товарищество с ограниченной ответственностью \"Carlsberg Kazakhstan (Карлсберг Казахстан)\"",
        "bin": "981040000728",
        "activity": "Напитки",
        "district": "Жетысуский",
        "address": "КАЗЫБАЕВА КАКИМЖАНА, 270 В",
        "month_01_m3": 8607,
        "month_02_m3": 437,
        "month_03_m3": 44245,
        "month_04_m3": 36888,
        "month_05_m3": 30256,
        "month_06_m3": 41166,
        "avg_monthly_m3": 26933.166666666668,
        "volume_class": "A · ≥10k",
        "marker_size": 30,
        "coord_quality": "source",
        "coord_source": "source_workbook",
        "coord_method": "Центроид исходных координат",
        "needs_review": false,
        "cluster_eligible": true,
        "coord_source_url": "",
        "original_coordinates": "43,305022/76,917622\n43,305237/76,917337",
        "source_coordinate_count": 2,
        "coord_note": "Центроид 2 исходных точек."
      }
    },
    {
      "type": "Feature",
      "id": "abonent-5",
      "geometry": {
        "type": "Point",
        "coordinates": [
          76.91041,
          43.366097
        ]
      },
      "properties": {
        "row_id": 5,
        "contract": 3009,
        "name": "Товарищество с ограниченной ответственностью  \"Первый пивзавод\"",
        "bin": "070940024379",
        "activity": "Промышленность",
        "district": "Жетысуский",
        "address": "ИЛИЙСКИЙ Р_Н,АЩИБУЛАКСКИЙ СЕЛЬСКИЙ ОКРУГ,П.МУХАМЕТЖАН ТУЙМЕБАЕВ, 289",
        "month_01_m3": 0,
        "month_02_m3": 28773.27,
        "month_03_m3": 15793.880000000001,
        "month_04_m3": 13850.18,
        "month_05_m3": 15530.69,
        "month_06_m3": 19722.2,
        "avg_monthly_m3": 15611.703333333333,
        "volume_class": "A · ≥10k",
        "marker_size": 29.99,
        "coord_quality": "high",
        "coord_source": "2gis_company",
        "coord_method": "Карточка предприятия 2GIS",
        "needs_review": false,
        "cluster_eligible": true,
        "coord_source_url": "https://2gis.kz/almaty/firm/9429940001024922",
        "original_coordinates": "",
        "source_coordinate_count": 0,
        "coord_note": "Первомайская промышленная зона, 289, с. Мухаметжан Туймебаев, Илийский район, Алматинская область"
      }
    },
    {
      "type": "Feature",
      "id": "abonent-6",
      "geometry": {
        "type": "Point",
        "coordinates": [
          76.903419,
          43.295441
        ]
      },
      "properties": {
        "row_id": 6,
        "contract": 5158,
        "name": "Товарищество с ограниченной ответственностью \"Асфальтобетон 1\"",
        "bin": "060440009474",
        "activity": "Административные зданияПромышленность",
        "district": "Жетысуский",
        "address": "СЕРИКОВА, 20 А",
        "month_01_m3": 1806.32,
        "month_02_m3": 1773.49,
        "month_03_m3": 0,
        "month_04_m3": 24725.68,
        "month_05_m3": 20629.97,
        "month_06_m3": 25938.38,
        "avg_monthly_m3": 12478.973333333335,
        "volume_class": "A · ≥10k",
        "marker_size": 27.34,
        "coord_quality": "source",
        "coord_source": "source_workbook",
        "coord_method": "Исходная координата",
        "needs_review": false,
        "cluster_eligible": true,
        "coord_source_url": "",
        "original_coordinates": "43,295441/76,903419",
        "source_coordinate_count": 1,
        "coord_note": ""
      }
    },
    {
      "type": "Feature",
      "id": "abonent-7",
      "geometry": {
        "type": "Point",
        "coordinates": [
          76.971358,
          43.345368
        ]
      },
      "properties": {
        "row_id": 7,
        "contract": 4466,
        "name": "Товарищество с ограниченной ответственностью \"ALMATY MAI\"",
        "bin": "150740001220",
        "activity": "Административные зданияПроизводственный цех",
        "district": "Турксибский",
        "address": "БЕКМАХАНОВА, 96",
        "month_01_m3": 11734.060000000001,
        "month_02_m3": 11376.55,
        "month_03_m3": 12871.2,
        "month_04_m3": 11276.57,
        "month_05_m3": 13505.900000000001,
        "month_06_m3": 8055.17,
        "avg_monthly_m3": 11469.908333333333,
        "volume_class": "A · ≥10k",
        "marker_size": 26.42,
        "coord_quality": "source",
        "coord_source": "source_workbook",
        "coord_method": "Исходная координата",
        "needs_review": false,
        "cluster_eligible": true,
        "coord_source_url": "",
        "original_coordinates": "43,345368/76,971358",
        "source_coordinate_count": 1,
        "coord_note": ""
      }
    },
    {
      "type": "Feature",
      "id": "abonent-8",
      "geometry": {
        "type": "Point",
        "coordinates": [
          76.799041,
          43.304453
        ]
      },
      "properties": {
        "row_id": 8,
        "contract": 522707,
        "name": "Товарищество с ограниченной ответственностью \"Hyundai Trans Kazakhstan\"",
        "bin": "180740014575",
        "activity": "Промышленность",
        "district": "Алатауский",
        "address": "АЛГАБАС, УЛ.7, 138/5",
        "month_01_m3": 11460,
        "month_02_m3": 6470,
        "month_03_m3": 12260,
        "month_04_m3": 8870,
        "month_05_m3": 9380,
        "month_06_m3": 14960,
        "avg_monthly_m3": 10566.666666666666,
        "volume_class": "A · ≥10k",
        "marker_size": 25.56,
        "coord_quality": "source",
        "coord_source": "source_workbook",
        "coord_method": "Исходная координата",
        "needs_review": false,
        "cluster_eligible": true,
        "coord_source_url": "",
        "original_coordinates": "43,304453/76,799041",
        "source_coordinate_count": 1,
        "coord_note": ""
      }
    },
    {
      "type": "Feature",
      "id": "abonent-9",
      "geometry": {
        "type": "Point",
        "coordinates": [
          76.831567,
          43.234895
        ]
      },
      "properties": {
        "row_id": 9,
        "contract": 9402,
        "name": "Товарищество с ограниченной ответственностью \" Хлебобараночный комбинат \"Аксай\"",
        "bin": "970340000625",
        "activity": "Промышленность",
        "district": "Ауэзовский",
        "address": "АКСАЙ-2, 36",
        "month_01_m3": 8323.7,
        "month_02_m3": 9155.6,
        "month_03_m3": 7877.2,
        "month_04_m3": 8580.32,
        "month_05_m3": 6957.88,
        "month_06_m3": 7858.400000000001,
        "avg_monthly_m3": 8125.516666666667,
        "volume_class": "B · 5–10k",
        "marker_size": 23.03,
        "coord_quality": "source",
        "coord_source": "source_workbook",
        "coord_method": "Исходная координата",
        "needs_review": false,
        "cluster_eligible": true,
        "coord_source_url": "",
        "original_coordinates": "43,234895/76,831567",
        "source_coordinate_count": 1,
        "coord_note": ""
      }
    },
    {
      "type": "Feature",
      "id": "abonent-10",
      "geometry": {
        "type": "Point",
        "coordinates": [
          76.917532,
          43.301981
        ]
      },
      "properties": {
        "row_id": 10,
        "contract": 5200,
        "name": "Товарищество с ограниченной ответственностью \"Карина Paper\" (Карина Пейпа)",
        "bin": "020940004305",
        "activity": "Административные зданияСкладыПроизводственный цех",
        "district": "Жетысуский",
        "address": "КАЗЫБАЕВА КАКИМЖАНА, 264 а",
        "month_01_m3": 6816.33,
        "month_02_m3": 8278.6,
        "month_03_m3": 6373.780000000001,
        "month_04_m3": 7843.469999999999,
        "month_05_m3": 6621.82,
        "month_06_m3": 8175.25,
        "avg_monthly_m3": 7351.541666666667,
        "volume_class": "B · 5–10k",
        "marker_size": 22.15,
        "coord_quality": "source",
        "coord_source": "source_workbook",
        "coord_method": "Исходная координата",
        "needs_review": false,
        "cluster_eligible": true,
        "coord_source_url": "",
        "original_coordinates": "43,301981/76,917532",
        "source_coordinate_count": 1,
        "coord_note": ""
      }
    },
    {
      "type": "Feature",
      "id": "abonent-11",
      "geometry": {
        "type": "Point",
        "coordinates": [
          76.973143,
          43.348132
        ]
      },
      "properties": {
        "row_id": 11,
        "contract": 6129,
        "name": "Товарищество с ограниченной ответственностью \"АЗМК GROUP\"",
        "bin": "150940000170",
        "activity": "Промышленность",
        "district": "Турксибский",
        "address": "БЕКМАХАНОВА, 96 А",
        "month_01_m3": 7723.6,
        "month_02_m3": 7414,
        "month_03_m3": 6088.8,
        "month_04_m3": 5768.8,
        "month_05_m3": 5637.2,
        "month_06_m3": 6782,
        "avg_monthly_m3": 6569.066666666667,
        "volume_class": "B · 5–10k",
        "marker_size": 21.21,
        "coord_quality": "source",
        "coord_source": "source_workbook",
        "coord_method": "Исходная координата",
        "needs_review": false,
        "cluster_eligible": true,
        "coord_source_url": "",
        "original_coordinates": "43,348132/76,973143",
        "source_coordinate_count": 1,
        "coord_note": ""
      }
    },
    {
      "type": "Feature",
      "id": "abonent-12",
      "geometry": {
        "type": "Point",
        "coordinates": [
          76.988737,
          43.368447
        ]
      },
      "properties": {
        "row_id": 12,
        "contract": 60328,
        "name": "Индивидуальный предприниматель Оспанов Марал Куралович",
        "bin": "611221301476",
        "activity": "Промышленность",
        "district": "Турксибский",
        "address": "СУЮНБАЯ, 499",
        "month_01_m3": 2778.38,
        "month_02_m3": 2883.5,
        "month_03_m3": 6872.22,
        "month_04_m3": 6529.85,
        "month_05_m3": 1407.44,
        "month_06_m3": 12662.58,
        "avg_monthly_m3": 5522.328333333334,
        "volume_class": "B · 5–10k",
        "marker_size": 19.86,
        "coord_quality": "source",
        "coord_source": "source_workbook",
        "coord_method": "Исходная координата",
        "needs_review": false,
        "cluster_eligible": true,
        "coord_source_url": "",
        "original_coordinates": "43,368447/76,988737",
        "source_coordinate_count": 1,
        "coord_note": ""
      }
    },
    {
      "type": "Feature",
      "id": "abonent-13",
      "geometry": {
        "type": "Point",
        "coordinates": [
          76.908341,
          43.260799
        ]
      },
      "properties": {
        "row_id": 13,
        "contract": 1018,
        "name": "Акционерное общество \"Caspian Beverage Holding\"",
        "bin": "890140000036",
        "activity": "Промышленность",
        "district": "Алмалинский",
        "address": "ГОГОЛЯ, 211",
        "month_01_m3": 4614.5,
        "month_02_m3": 4251.5,
        "month_03_m3": 4856.5,
        "month_04_m3": 5247,
        "month_05_m3": 4306.5,
        "month_06_m3": 7034.5,
        "avg_monthly_m3": 5051.75,
        "volume_class": "B · 5–10k",
        "marker_size": 19.22,
        "coord_quality": "source",
        "coord_source": "source_workbook",
        "coord_method": "Исходная координата",
        "needs_review": false,
        "cluster_eligible": true,
        "coord_source_url": "",
        "original_coordinates": "43,260799/76,908341",
        "source_coordinate_count": 1,
        "coord_note": ""
      }
    },
    {
      "type": "Feature",
      "id": "abonent-14",
      "geometry": {
        "type": "Point",
        "coordinates": [
          76.906075,
          43.301537
        ]
      },
      "properties": {
        "row_id": 14,
        "contract": 15813,
        "name": "Товарищество с ограниченной ответсвенностью \"ARCTIC PRODUCTION\"",
        "bin": "110640020117",
        "activity": "Производственный цех",
        "district": "Жетысуский",
        "address": "АНГАРСКАЯ, 95 в",
        "month_01_m3": 327.40000000000003,
        "month_02_m3": 778.4,
        "month_03_m3": 4708,
        "month_04_m3": 9342,
        "month_05_m3": 5367.2,
        "month_06_m3": 9181,
        "avg_monthly_m3": 4950.666666666667,
        "volume_class": "C · 1–5k",
        "marker_size": 19.07,
        "coord_quality": "source",
        "coord_source": "source_workbook",
        "coord_method": "Исходная координата",
        "needs_review": false,
        "cluster_eligible": true,
        "coord_source_url": "",
        "original_coordinates": "43,301537/76,906075",
        "source_coordinate_count": 1,
        "coord_note": ""
      }
    },
    {
      "type": "Feature",
      "id": "abonent-15",
      "geometry": {
        "type": "Point",
        "coordinates": [
          76.910246,
          43.243654
        ]
      },
      "properties": {
        "row_id": 15,
        "contract": 4005,
        "name": "Акционерное Общество  \"Нобел Алматинская фармацевтическая фабрика\"",
        "bin": "940440000405",
        "activity": "Промышленность",
        "district": "Алмалинский",
        "address": "ШЕВЧЕНКО, 162Е",
        "month_01_m3": 4442,
        "month_02_m3": 4606,
        "month_03_m3": 4293,
        "month_04_m3": 5947,
        "month_05_m3": 5164,
        "month_06_m3": 4673,
        "avg_monthly_m3": 4854.166666666667,
        "volume_class": "C · 1–5k",
        "marker_size": 18.93,
        "coord_quality": "source",
        "coord_source": "source_workbook",
        "coord_method": "Исходная координата",
        "needs_review": false,
        "cluster_eligible": true,
        "coord_source_url": "",
        "original_coordinates": "43,243654/76,910246",
        "source_coordinate_count": 1,
        "coord_note": ""
      }
    },
    {
      "type": "Feature",
      "id": "abonent-16",
      "geometry": {
        "type": "Point",
        "coordinates": [
          76.798833,
          43.306188
        ]
      },
      "properties": {
        "row_id": 16,
        "contract": 525271,
        "name": "Товарищество с ограниченной ответственностью \"Г.С.Г.Высотник\"",
        "bin": "061040006160",
        "activity": "Производственный цех",
        "district": "Алатауский",
        "address": "АЛГАБАС, УЛ.7, уч.142/4",
        "month_01_m3": 3606,
        "month_02_m3": 5822,
        "month_03_m3": 2514,
        "month_04_m3": 6683,
        "month_05_m3": 4596,
        "month_06_m3": 5290,
        "avg_monthly_m3": 4751.833333333333,
        "volume_class": "C · 1–5k",
        "marker_size": 18.79,
        "coord_quality": "source",
        "coord_source": "source_workbook",
        "coord_method": "Исходная координата",
        "needs_review": false,
        "cluster_eligible": true,
        "coord_source_url": "",
        "original_coordinates": "43,306188/76,798833",
        "source_coordinate_count": 1,
        "coord_note": ""
      }
    },
    {
      "type": "Feature",
      "id": "abonent-17",
      "geometry": {
        "type": "Point",
        "coordinates": [
          76.992173,
          43.369355
        ]
      },
      "properties": {
        "row_id": 17,
        "contract": 1429,
        "name": "Товарищество с ограниченной ответственностью \"КазФерроСталь\"",
        "bin": "081240002931",
        "activity": "Промышленность",
        "district": "Турксибский",
        "address": "ИЛИЙСКОЕ, 1 КМ, 17",
        "month_01_m3": 3609,
        "month_02_m3": 4985,
        "month_03_m3": 4377,
        "month_04_m3": 4800,
        "month_05_m3": 4692,
        "month_06_m3": 4980,
        "avg_monthly_m3": 4573.833333333333,
        "volume_class": "C · 1–5k",
        "marker_size": 18.53,
        "coord_quality": "source",
        "coord_source": "source_workbook",
        "coord_method": "Исходная координата",
        "needs_review": false,
        "cluster_eligible": true,
        "coord_source_url": "",
        "original_coordinates": "43,369355/76,992173",
        "source_coordinate_count": 1,
        "coord_note": ""
      }
    },
    {
      "type": "Feature",
      "id": "abonent-18",
      "geometry": {
        "type": "Point",
        "coordinates": [
          76.904504,
          43.25872
        ]
      },
      "properties": {
        "row_id": 18,
        "contract": 1065,
        "name": "Акционерное общество \"Бахус\"",
        "bin": "941140000417",
        "activity": "Промышленность",
        "district": "Алмалинский",
        "address": "ГОГОЛЯ, 223",
        "month_01_m3": 4647.38,
        "month_02_m3": 5084.610000000001,
        "month_03_m3": 3960.11,
        "month_04_m3": 4404.51,
        "month_05_m3": 2741.2299999999996,
        "month_06_m3": 4034.6100000000006,
        "avg_monthly_m3": 4145.408333333334,
        "volume_class": "C · 1–5k",
        "marker_size": 17.88,
        "coord_quality": "source",
        "coord_source": "source_workbook",
        "coord_method": "Центроид исходных координат",
        "needs_review": false,
        "cluster_eligible": true,
        "coord_source_url": "",
        "original_coordinates": "43,258932/76,905437\n43,258508/76,903571",
        "source_coordinate_count": 2,
        "coord_note": "Центроид 2 исходных точек."
      }
    },
    {
      "type": "Feature",
      "id": "abonent-19",
      "geometry": {
        "type": "Point",
        "coordinates": [
          76.910486,
          43.290943
        ]
      },
      "properties": {
        "row_id": 19,
        "contract": 6230,
        "name": "Товарищество с ограниченной ответственностью \"Даль Продукт\"",
        "bin": "070740004278",
        "activity": "Напитки",
        "district": "Жетысуский",
        "address": "РАТУШНОГО, 72",
        "month_01_m3": 4380,
        "month_02_m3": 3860,
        "month_03_m3": 2724,
        "month_04_m3": 2646,
        "month_05_m3": 4165,
        "month_06_m3": 6132,
        "avg_monthly_m3": 3984.5,
        "volume_class": "C · 1–5k",
        "marker_size": 17.62,
        "coord_quality": "source",
        "coord_source": "source_workbook",
        "coord_method": "Исходная координата",
        "needs_review": false,
        "cluster_eligible": true,
        "coord_source_url": "",
        "original_coordinates": "43,290943/76,910486",
        "source_coordinate_count": 1,
        "coord_note": ""
      }
    },
    {
      "type": "Feature",
      "id": "abonent-20",
      "geometry": {
        "type": "Point",
        "coordinates": [
          76.9176163,
          43.306082
        ]
      },
      "properties": {
        "row_id": 20,
        "contract": 50239,
        "name": "Акционерное общество \"Серт\"",
        "bin": "950640000365",
        "activity": "Производственный цех",
        "district": "Жетысуский",
        "address": "КАЗЫБАЕВА КАКИМЖАНА, 272А",
        "month_01_m3": 3863,
        "month_02_m3": 3520.2000000000003,
        "month_03_m3": 3938.4,
        "month_04_m3": 3088.4,
        "month_05_m3": 3545.2000000000003,
        "month_06_m3": 3366,
        "avg_monthly_m3": 3553.5333333333333,
        "volume_class": "C · 1–5k",
        "marker_size": 16.92,
        "coord_quality": "source",
        "coord_source": "source_workbook",
        "coord_method": "Центроид исходных координат",
        "needs_review": false,
        "cluster_eligible": true,
        "coord_source_url": "",
        "original_coordinates": "43,306576/76,917609\n43,306134/76,917623\n43,305536/76,917617",
        "source_coordinate_count": 3,
        "coord_note": "Центроид 3 исходных точек."
      }
    },
    {
      "type": "Feature",
      "id": "abonent-21",
      "geometry": {
        "type": "Point",
        "coordinates": [
          76.838715,
          43.20035
        ]
      },
      "properties": {
        "row_id": 21,
        "contract": 100932,
        "name": "Товарищество с ограниченной ответственностью \"ЦИН-КАЗ\"",
        "bin": "981240000517",
        "activity": "Производственный цех",
        "district": "Ауэзовский",
        "address": "МАМЫР, СПОРТИВНАЯ, 1/4",
        "month_01_m3": 3926.4,
        "month_02_m3": 4503,
        "month_03_m3": 2562.6,
        "month_04_m3": 4227,
        "month_05_m3": 2240.69,
        "month_06_m3": 3754.2000000000003,
        "avg_monthly_m3": 3535.648333333333,
        "volume_class": "C · 1–5k",
        "marker_size": 16.89,
        "coord_quality": "source",
        "coord_source": "source_workbook",
        "coord_method": "Исходная координата",
        "needs_review": false,
        "cluster_eligible": true,
        "coord_source_url": "",
        "original_coordinates": "43,20035/76,838715",
        "source_coordinate_count": 1,
        "coord_note": ""
      }
    },
    {
      "type": "Feature",
      "id": "abonent-22",
      "geometry": {
        "type": "Point",
        "coordinates": [
          76.907255,
          43.359128
        ]
      },
      "properties": {
        "row_id": 22,
        "contract": 6150,
        "name": "Товарищество с ограниченной ответственностью \"Ремстройтехника\"",
        "bin": "940840000767",
        "activity": "Административные зданияПромышленностьСкладыПроизводственный цех",
        "district": "Турксибский",
        "address": "ИЛИЙСКИЙ Р-Н,С.КАЗЦИК,УЛ.БЕЗ УЛИЦЫ, КАЗЦИКОВСКИЙ С/О, промзона, уч.12",
        "month_01_m3": 2308.02,
        "month_02_m3": 2890.8,
        "month_03_m3": 2638.68,
        "month_04_m3": 3004.32,
        "month_05_m3": 3006.3,
        "month_06_m3": 3699.96,
        "avg_monthly_m3": 2924.68,
        "volume_class": "C · 1–5k",
        "marker_size": 15.82,
        "coord_quality": "low",
        "coord_source": "2gis_locality",
        "coord_method": "Центр Первомайской промзоны",
        "needs_review": true,
        "cluster_eligible": false,
        "coord_source_url": "https://2gis.kz/almaty/geo/9430150454184003",
        "original_coordinates": "",
        "source_coordinate_count": 0,
        "coord_note": "Точка промзоны; номер участка не подтверждён."
      }
    },
    {
      "type": "Feature",
      "id": "abonent-23",
      "geometry": {
        "type": "Point",
        "coordinates": [
          76.989712,
          43.365691
        ]
      },
      "properties": {
        "row_id": 23,
        "contract": 6881,
        "name": "Товарищество с ограниченной ответственностью\"Масло-Дел\"",
        "bin": "990240000368",
        "activity": "13",
        "district": "Турксибский",
        "address": "КРАСНОГВАРДЕЙСКИЙ , 497 В",
        "month_01_m3": 2513,
        "month_02_m3": 2884,
        "month_03_m3": 2614,
        "month_04_m3": 3083,
        "month_05_m3": 2631,
        "month_06_m3": 2893,
        "avg_monthly_m3": 2769.6666666666665,
        "volume_class": "C · 1–5k",
        "marker_size": 15.53,
        "coord_quality": "source",
        "coord_source": "source_workbook",
        "coord_method": "Исходная координата",
        "needs_review": false,
        "cluster_eligible": true,
        "coord_source_url": "",
        "original_coordinates": "43,365691/76,989712",
        "source_coordinate_count": 1,
        "coord_note": ""
      }
    },
    {
      "type": "Feature",
      "id": "abonent-24",
      "geometry": {
        "type": "Point",
        "coordinates": [
          76.926497,
          43.275317
        ]
      },
      "properties": {
        "row_id": 24,
        "contract": 50386,
        "name": "Товарищество с ограниченной ответственностью \"Jaryq K Company\"",
        "bin": "190240008821",
        "activity": "Административные зданияПроизводственный цех",
        "district": "Жетысуский",
        "address": "ПОЛЕЖАЕВА, 92А",
        "month_01_m3": 2991.86,
        "month_02_m3": 2377.19,
        "month_03_m3": 2799.17,
        "month_04_m3": 2545.13,
        "month_05_m3": 2885.82,
        "month_06_m3": 2594.2799999999997,
        "avg_monthly_m3": 2698.9083333333333,
        "volume_class": "C · 1–5k",
        "marker_size": 15.39,
        "coord_quality": "source",
        "coord_source": "source_workbook",
        "coord_method": "Исходная координата",
        "needs_review": false,
        "cluster_eligible": true,
        "coord_source_url": "",
        "original_coordinates": "43,275317/76,926497",
        "source_coordinate_count": 1,
        "coord_note": ""
      }
    },
    {
      "type": "Feature",
      "id": "abonent-25",
      "geometry": {
        "type": "Point",
        "coordinates": [
          76.907255,
          43.359128
        ]
      },
      "properties": {
        "row_id": 25,
        "contract": 6150,
        "name": "Товарищество с ограниченной ответственностью \"Ремстройтехника\"",
        "bin": "940840000767",
        "activity": "Промышленность",
        "district": "Турксибский",
        "address": "ПЕРВОМАЙСКИЙ, ПОСЕЛО",
        "month_01_m3": 2644.62,
        "month_02_m3": 2483.58,
        "month_03_m3": 2311.32,
        "month_04_m3": 2483.58,
        "month_05_m3": 2096.82,
        "month_06_m3": 3979.8,
        "avg_monthly_m3": 2666.6200000000003,
        "volume_class": "C · 1–5k",
        "marker_size": 15.33,
        "coord_quality": "low",
        "coord_source": "2gis_locality",
        "coord_method": "Центр Первомайской промзоны",
        "needs_review": true,
        "cluster_eligible": false,
        "coord_source_url": "https://2gis.kz/almaty/geo/9430150454184003",
        "original_coordinates": "",
        "source_coordinate_count": 0,
        "coord_note": "Исходный адрес неполный."
      }
    },
    {
      "type": "Feature",
      "id": "abonent-26",
      "geometry": {
        "type": "Point",
        "coordinates": [
          76.905258,
          43.259539
        ]
      },
      "properties": {
        "row_id": 26,
        "contract": 1007,
        "name": "Акционерное общество \"Алматинский дрожжевой завод\"",
        "bin": "930340000172",
        "activity": "Промышленность",
        "district": "Алмалинский",
        "address": "НУРМАКОВА, 2",
        "month_01_m3": 1349,
        "month_02_m3": 2506,
        "month_03_m3": 1909,
        "month_04_m3": 3372,
        "month_05_m3": 2761,
        "month_06_m3": 2553,
        "avg_monthly_m3": 2408.3333333333335,
        "volume_class": "C · 1–5k",
        "marker_size": 14.81,
        "coord_quality": "source",
        "coord_source": "source_workbook",
        "coord_method": "Исходная координата",
        "needs_review": false,
        "cluster_eligible": true,
        "coord_source_url": "",
        "original_coordinates": "43,259539/76,905258",
        "source_coordinate_count": 1,
        "coord_note": ""
      }
    },
    {
      "type": "Feature",
      "id": "abonent-27",
      "geometry": {
        "type": "Point",
        "coordinates": [
          76.985227,
          43.285326
        ]
      },
      "properties": {
        "row_id": 27,
        "contract": 8151,
        "name": "Товарищество с органиченной ответствнностью\"Завод электроустан.изделий\"",
        "bin": "050940008482",
        "activity": "Промышленность",
        "district": "Медеуский",
        "address": "КУЛЬДЖИНСКИЙ ТРАКТ, 4",
        "month_01_m3": 2669,
        "month_02_m3": 1150,
        "month_03_m3": 1591,
        "month_04_m3": 3515,
        "month_05_m3": 1222,
        "month_06_m3": 3431.2000000000003,
        "avg_monthly_m3": 2263.0333333333333,
        "volume_class": "C · 1–5k",
        "marker_size": 14.51,
        "coord_quality": "source",
        "coord_source": "source_workbook",
        "coord_method": "Исходная координата",
        "needs_review": false,
        "cluster_eligible": true,
        "coord_source_url": "",
        "original_coordinates": "43,285326/76,985227",
        "source_coordinate_count": 1,
        "coord_note": ""
      }
    },
    {
      "type": "Feature",
      "id": "abonent-28",
      "geometry": {
        "type": "Point",
        "coordinates": [
          76.768185,
          43.203023
        ]
      },
      "properties": {
        "row_id": 28,
        "contract": 537070,
        "name": "Индивидуальный предприниматель Ильбисинов Улан Ержанўлы",
        "bin": "010530500016",
        "activity": "Производственный цех",
        "district": "Наурызбайский",
        "address": "АБАЙ КАРАСАЙСКИЙ Р-Н, квартал272,уч.142",
        "month_01_m3": 2134,
        "month_02_m3": 1802,
        "month_03_m3": 1830,
        "month_04_m3": 1501,
        "month_05_m3": 3015,
        "month_06_m3": 2732,
        "avg_monthly_m3": 2169,
        "volume_class": "C · 1–5k",
        "marker_size": 14.31,
        "coord_quality": "low",
        "coord_source": "2gis_street",
        "coord_method": "Центр учётного квартала №272",
        "needs_review": true,
        "cluster_eligible": false,
        "coord_source_url": "https://2gis.kz/almaty/geo/70030076979426310",
        "original_coordinates": "",
        "source_coordinate_count": 0,
        "coord_note": "Участок 142 в карте не найден."
      }
    },
    {
      "type": "Feature",
      "id": "abonent-29",
      "geometry": {
        "type": "Point",
        "coordinates": [
          76.947782,
          43.265125
        ]
      },
      "properties": {
        "row_id": 29,
        "contract": 8414,
        "name": "Акционерное общество  \"Жетiсу\"",
        "bin": "971040000548",
        "activity": "Промышленность",
        "district": "Медеуский",
        "address": "ТУЛЕБАЕВА, 38",
        "month_01_m3": 2104,
        "month_02_m3": 2600,
        "month_03_m3": 2568,
        "month_04_m3": 1732,
        "month_05_m3": 2087,
        "month_06_m3": 1074,
        "avg_monthly_m3": 2027.5,
        "volume_class": "C · 1–5k",
        "marker_size": 14.01,
        "coord_quality": "source",
        "coord_source": "source_workbook",
        "coord_method": "Исходная координата",
        "needs_review": false,
        "cluster_eligible": true,
        "coord_source_url": "",
        "original_coordinates": "43,265125/76,947782",
        "source_coordinate_count": 1,
        "coord_note": ""
      }
    },
    {
      "type": "Feature",
      "id": "abonent-30",
      "geometry": {
        "type": "Point",
        "coordinates": [
          76.970782,
          43.344781
        ]
      },
      "properties": {
        "row_id": 30,
        "contract": 4466,
        "name": "Товарищество с ограниченной ответственностью \"ALMATY MAI\"",
        "bin": "150740001220",
        "activity": "Административные зданияСкладыПроизводственный цех",
        "district": "Турксибский",
        "address": "БЕКМАХАНОВА, 93",
        "month_01_m3": 1253,
        "month_02_m3": 2092,
        "month_03_m3": 1924,
        "month_04_m3": 2208,
        "month_05_m3": 2202,
        "month_06_m3": 2482,
        "avg_monthly_m3": 2026.8333333333333,
        "volume_class": "C · 1–5k",
        "marker_size": 14,
        "coord_quality": "source",
        "coord_source": "source_workbook",
        "coord_method": "Исходная координата",
        "needs_review": false,
        "cluster_eligible": true,
        "coord_source_url": "",
        "original_coordinates": "43,344781/76,970782",
        "source_coordinate_count": 1,
        "coord_note": ""
      }
    },
    {
      "type": "Feature",
      "id": "abonent-31",
      "geometry": {
        "type": "Point",
        "coordinates": [
          76.911334,
          43.285732
        ]
      },
      "properties": {
        "row_id": 31,
        "contract": 5286,
        "name": "Товарищество с ограниченной ответственностью \"Компания \"ОБИС\"",
        "bin": "950440001653",
        "activity": "НапиткиСклады",
        "district": "Жетысуский",
        "address": "РАТУШНОГО, 38",
        "month_01_m3": 881.4,
        "month_02_m3": 1367.08,
        "month_03_m3": 1323.92,
        "month_04_m3": 1020.24,
        "month_05_m3": 3754.4,
        "month_06_m3": 3734.64,
        "avg_monthly_m3": 2013.6133333333335,
        "volume_class": "C · 1–5k",
        "marker_size": 13.97,
        "coord_quality": "source",
        "coord_source": "source_workbook",
        "coord_method": "Исходная координата",
        "needs_review": false,
        "cluster_eligible": true,
        "coord_source_url": "",
        "original_coordinates": "43,285732/76,911334",
        "source_coordinate_count": 1,
        "coord_note": ""
      }
    },
    {
      "type": "Feature",
      "id": "abonent-32",
      "geometry": {
        "type": "Point",
        "coordinates": [
          76.99099,
          43.36973
        ]
      },
      "properties": {
        "row_id": 32,
        "contract": 6146,
        "name": "Товарищество с ограниченной ответственностью \"СВС - Модуль\"",
        "bin": "950340000225",
        "activity": "Промышленность",
        "district": "Турксибский",
        "address": "СУЮНБАЯ, 501",
        "month_01_m3": 3234,
        "month_02_m3": 1629,
        "month_03_m3": 1901.27,
        "month_04_m3": 1582,
        "month_05_m3": 1694,
        "month_06_m3": 1701,
        "avg_monthly_m3": 1956.8783333333333,
        "volume_class": "C · 1–5k",
        "marker_size": 13.85,
        "coord_quality": "source",
        "coord_source": "source_workbook",
        "coord_method": "Исходная координата",
        "needs_review": false,
        "cluster_eligible": true,
        "coord_source_url": "",
        "original_coordinates": "43,36973/76,99099",
        "source_coordinate_count": 1,
        "coord_note": ""
      }
    },
    {
      "type": "Feature",
      "id": "abonent-33",
      "geometry": {
        "type": "Point",
        "coordinates": [
          76.889709,
          43.238949
        ]
      },
      "properties": {
        "row_id": 33,
        "contract": 16773,
        "name": "Товарищество с ограниченной ответственностью \"Aluminium of Kazakhstan\" (Алюминиум оф Казахстан)",
        "bin": "130440011868",
        "activity": "Промышленность",
        "district": "Турксибский",
        "address": "ТУЙМЕНБАЕВА М. , 177",
        "month_01_m3": 3201,
        "month_02_m3": 1369,
        "month_03_m3": 1691,
        "month_04_m3": 1569,
        "month_05_m3": 1419,
        "month_06_m3": 2397,
        "avg_monthly_m3": 1941,
        "volume_class": "C · 1–5k",
        "marker_size": 13.81,
        "coord_quality": "low",
        "coord_source": "district_median",
        "coord_method": "Медиана подтверждённых точек района",
        "needs_review": true,
        "cluster_eligible": false,
        "coord_source_url": "",
        "original_coordinates": "",
        "source_coordinate_count": 0,
        "coord_note": "Точный адрес не найден; точка исключена из кластеризации."
      }
    },
    {
      "type": "Feature",
      "id": "abonent-34",
      "geometry": {
        "type": "Point",
        "coordinates": [
          76.945522,
          43.362394
        ]
      },
      "properties": {
        "row_id": 34,
        "contract": 15990,
        "name": "Товарищество с ограниченной ответственностью \"Компания \"Камертон\"",
        "bin": "050840006442",
        "activity": "Промышленность",
        "district": "Жетысуский",
        "address": "ПЕРВОМАЙСКИЙ, КАПЧАГАЙСКАЯ, 17",
        "month_01_m3": 0,
        "month_02_m3": 1649,
        "month_03_m3": 2477,
        "month_04_m3": 2445,
        "month_05_m3": 2743,
        "month_06_m3": 2247,
        "avg_monthly_m3": 1926.8333333333333,
        "volume_class": "C · 1–5k",
        "marker_size": 13.78,
        "coord_quality": "medium",
        "coord_source": "2gis_company",
        "coord_method": "Карточка предприятия 2GIS; адрес требует сверки",
        "needs_review": true,
        "cluster_eligible": false,
        "coord_source_url": "https://2gis.kz/almaty/firm/70000001036215090",
        "original_coordinates": "",
        "source_coordinate_count": 0,
        "coord_note": "Название совпало; опубликованный адрес отличается."
      }
    },
    {
      "type": "Feature",
      "id": "abonent-35",
      "geometry": {
        "type": "Point",
        "coordinates": [
          76.889461,
          43.234294
        ]
      },
      "properties": {
        "row_id": 35,
        "contract": 7058,
        "name": "Товарищество с ограниченной ответственностью \"Беккер и К\"",
        "bin": "910240000155",
        "activity": "Промышленность",
        "district": "Бостандыкский",
        "address": "РОЗЫБАКИЕВА, 95",
        "month_01_m3": 1602.81,
        "month_02_m3": 1915.8,
        "month_03_m3": 1583.94,
        "month_04_m3": 1774.3700000000001,
        "month_05_m3": 2432.73,
        "month_06_m3": 2104.81,
        "avg_monthly_m3": 1902.4099999999999,
        "volume_class": "C · 1–5k",
        "marker_size": 13.72,
        "coord_quality": "source",
        "coord_source": "source_workbook",
        "coord_method": "Исходная координата",
        "needs_review": false,
        "cluster_eligible": true,
        "coord_source_url": "",
        "original_coordinates": "43,234294/76,889461",
        "source_coordinate_count": 1,
        "coord_note": ""
      }
    },
    {
      "type": "Feature",
      "id": "abonent-36",
      "geometry": {
        "type": "Point",
        "coordinates": [
          76.948766,
          43.282461
        ]
      },
      "properties": {
        "row_id": 36,
        "contract": 8058,
        "name": "Товарищество с ограниченной ответственностью \"Геофизприбор +\"",
        "bin": "070140001529",
        "activity": "Промышленность",
        "district": "Жетысуский",
        "address": "СУЮНБАЯ, 89Б",
        "month_01_m3": 1509,
        "month_02_m3": 1998,
        "month_03_m3": 1767,
        "month_04_m3": 1949,
        "month_05_m3": 1838,
        "month_06_m3": 1923,
        "avg_monthly_m3": 1830.6666666666667,
        "volume_class": "C · 1–5k",
        "marker_size": 13.56,
        "coord_quality": "source",
        "coord_source": "source_workbook",
        "coord_method": "Исходная координата",
        "needs_review": false,
        "cluster_eligible": true,
        "coord_source_url": "",
        "original_coordinates": "43,282461/76,948766",
        "source_coordinate_count": 1,
        "coord_note": ""
      }
    },
    {
      "type": "Feature",
      "id": "abonent-37",
      "geometry": {
        "type": "Point",
        "coordinates": [
          76.888829,
          43.366756
        ]
      },
      "properties": {
        "row_id": 37,
        "contract": 15059,
        "name": "Товарищество с ограниченной ответственностью \"Рикс ЛТД\"",
        "bin": "050340002253",
        "activity": "Производственный цех",
        "district": "Турксибский",
        "address": "БОРАЛДАЙ,МЕНДЕЛЕЕВА, 17",
        "month_01_m3": 1147.56,
        "month_02_m3": 1377.6000000000001,
        "month_03_m3": 0,
        "month_04_m3": 3714.6,
        "month_05_m3": 0,
        "month_06_m3": 4523.400000000001,
        "avg_monthly_m3": 1793.86,
        "volume_class": "C · 1–5k",
        "marker_size": 13.47,
        "coord_quality": "high",
        "coord_source": "2gis_address",
        "coord_method": "Адресная карточка 2GIS",
        "needs_review": false,
        "cluster_eligible": true,
        "coord_source_url": "https://2gis.kz/almaty/geo/9430047375047369",
        "original_coordinates": "",
        "source_coordinate_count": 0,
        "coord_note": "Улица Менделеева, 17"
      }
    },
    {
      "type": "Feature",
      "id": "abonent-38",
      "geometry": {
        "type": "Point",
        "coordinates": [
          76.831663,
          43.322129
        ]
      },
      "properties": {
        "row_id": 38,
        "contract": 539778,
        "name": "Товарищество с ограниченной ответственностью \"Qulpynai Production\"",
        "bin": "201140035199",
        "activity": "Производственный цех",
        "district": "Алатауский",
        "address": "АЛГАБАС, УЛ.7, 142/98",
        "month_01_m3": 2133,
        "month_02_m3": 2500.8,
        "month_03_m3": 1588,
        "month_04_m3": 1445,
        "month_05_m3": 1505,
        "month_06_m3": 1516,
        "avg_monthly_m3": 1781.3,
        "volume_class": "C · 1–5k",
        "marker_size": 13.44,
        "coord_quality": "medium",
        "coord_source": "2gis_company",
        "coord_method": "Карточка предприятия 2GIS; близкий номер участка",
        "needs_review": true,
        "cluster_eligible": false,
        "coord_source_url": "https://2gis.kz/almaty/firm/70000001089789583",
        "original_coordinates": "",
        "source_coordinate_count": 0,
        "coord_note": "В 2GIS указан участок 142/79 вместо 142/98."
      }
    },
    {
      "type": "Feature",
      "id": "abonent-39",
      "geometry": {
        "type": "Point",
        "coordinates": [
          76.914695,
          43.37704
        ]
      },
      "properties": {
        "row_id": 39,
        "contract": 16854,
        "name": "Товарищество с ограниченной ответственностью \"Абди Ибрахим Глобал Фарм\"",
        "bin": "000940002952",
        "activity": "Производственный цех",
        "district": "Турксибский",
        "address": "ТУЙМЕНБАЕВА М. , 282",
        "month_01_m3": 1931,
        "month_02_m3": 2639,
        "month_03_m3": 1131,
        "month_04_m3": 1155,
        "month_05_m3": 1372,
        "month_06_m3": 1978,
        "avg_monthly_m3": 1701,
        "volume_class": "C · 1–5k",
        "marker_size": 13.25,
        "coord_quality": "high",
        "coord_source": "2gis_company",
        "coord_method": "Карточка предприятия 2GIS",
        "needs_review": false,
        "cluster_eligible": true,
        "coord_source_url": "https://2gis.kz/almaty/firm/70000001026566962",
        "original_coordinates": "",
        "source_coordinate_count": 0,
        "coord_note": "​Первомайская промышленная зона, 282, с. Мухаметжан Туймебаев, Илийский район, Алматинская область​2 филиала"
      }
    },
    {
      "type": "Feature",
      "id": "abonent-40",
      "geometry": {
        "type": "Point",
        "coordinates": [
          76.847566,
          43.249082
        ]
      },
      "properties": {
        "row_id": 40,
        "contract": 533933,
        "name": "Товарищество с ограниченной ответственностью \"Хлебобулочный комбинат \"Алматынан\"",
        "bin": "110640006012",
        "activity": "Производственный цех",
        "district": "Ауэзовский",
        "address": "РАЙЫМБЕКА , 486Б",
        "month_01_m3": 1941.02,
        "month_02_m3": 1662.8600000000001,
        "month_03_m3": 1390.8,
        "month_04_m3": 1399.34,
        "month_05_m3": 1945.29,
        "month_06_m3": 1603.08,
        "avg_monthly_m3": 1657.0650000000003,
        "volume_class": "C · 1–5k",
        "marker_size": 13.14,
        "coord_quality": "source",
        "coord_source": "source_workbook",
        "coord_method": "Исходная координата",
        "needs_review": false,
        "cluster_eligible": true,
        "coord_source_url": "",
        "original_coordinates": "43,249082/76,847566",
        "source_coordinate_count": 1,
        "coord_note": ""
      }
    },
    {
      "type": "Feature",
      "id": "abonent-41",
      "geometry": {
        "type": "Point",
        "coordinates": [
          76.898767,
          43.35755
        ]
      },
      "properties": {
        "row_id": 41,
        "contract": 60068,
        "name": "Товарищество с ограниченной ответственностью \"Фирма \"БЕНТ\"",
        "bin": "151040010039",
        "activity": "Административные зданияСкладыПроизводственный цех",
        "district": "Илийский",
        "address": "ИЛИЙСКИЙ Р-Н,С.КАЗЦИК,БЕРЕЖИНСКИЙ А.Ф., 40",
        "month_01_m3": 1335.6100000000001,
        "month_02_m3": 1549.28,
        "month_03_m3": 1545.14,
        "month_04_m3": 1802.74,
        "month_05_m3": 1911.53,
        "month_06_m3": 1446.93,
        "avg_monthly_m3": 1598.5383333333332,
        "volume_class": "C · 1–5k",
        "marker_size": 13,
        "coord_quality": "high",
        "coord_source": "2gis_company",
        "coord_method": "Карточка предприятия 2GIS",
        "needs_review": false,
        "cluster_eligible": true,
        "coord_source_url": "https://2gis.kz/almaty/firm/9429940000793576",
        "original_coordinates": "",
        "source_coordinate_count": 0,
        "coord_note": "Улица Бережинского, 40, с. Аскара Токпанова, Илийский район, Алматинская область"
      }
    },
    {
      "type": "Feature",
      "id": "abonent-42",
      "geometry": {
        "type": "Point",
        "coordinates": [
          76.879146,
          43.249766
        ]
      },
      "properties": {
        "row_id": 42,
        "contract": 4698,
        "name": "Акционерное общество \"Промышленно-торговая компания \"АСЫЛ\"",
        "bin": "990840001625",
        "activity": "ПромышленностьТорговый дом",
        "district": "Алмалинский",
        "address": "ТУРКЕБАЕВА, 92",
        "month_01_m3": 1498.17,
        "month_02_m3": 1564.92,
        "month_03_m3": 1436.31,
        "month_04_m3": 1722.9,
        "month_05_m3": 1703.8700000000001,
        "month_06_m3": 1664.79,
        "avg_monthly_m3": 1598.493333333333,
        "volume_class": "C · 1–5k",
        "marker_size": 13,
        "coord_quality": "source",
        "coord_source": "source_workbook",
        "coord_method": "Исходная координата",
        "needs_review": false,
        "cluster_eligible": true,
        "coord_source_url": "",
        "original_coordinates": "43,249766/76,879146",
        "source_coordinate_count": 1,
        "coord_note": ""
      }
    },
    {
      "type": "Feature",
      "id": "abonent-43",
      "geometry": {
        "type": "Point",
        "coordinates": [
          76.8450485,
          43.2475315
        ]
      },
      "properties": {
        "row_id": 43,
        "contract": 532239,
        "name": "Товарищество с ограниченной ответственностью \"SMART LOGISTICS LTD\"",
        "bin": "221140044558",
        "activity": "ОфисыПроизводственный цех",
        "district": "Ауэзовский",
        "address": "РАЙЫМБЕКА , 496/2",
        "month_01_m3": 1500,
        "month_02_m3": 1652.5,
        "month_03_m3": 2266.5,
        "month_04_m3": 899,
        "month_05_m3": 1266,
        "month_06_m3": 1804.6000000000001,
        "avg_monthly_m3": 1564.7666666666667,
        "volume_class": "C · 1–5k",
        "marker_size": 12.91,
        "coord_quality": "source",
        "coord_source": "source_workbook",
        "coord_method": "Центроид исходных координат",
        "needs_review": false,
        "cluster_eligible": true,
        "coord_source_url": "",
        "original_coordinates": "43,247738/76,844019\n43,247325/76,846078",
        "source_coordinate_count": 2,
        "coord_note": "Центроид 2 исходных точек."
      }
    },
    {
      "type": "Feature",
      "id": "abonent-44",
      "geometry": {
        "type": "Point",
        "coordinates": [
          76.9309229,
          43.2633018
        ]
      },
      "properties": {
        "row_id": 44,
        "contract": 5126,
        "name": "АО \"Машиностроительный завод им.С.М.Кирова\"",
        "bin": "940240000110",
        "activity": "Промышленность",
        "district": "Алмалинский",
        "address": "МАКАТАЕВА, 127",
        "month_01_m3": 1257.34,
        "month_02_m3": 2586.2200000000003,
        "month_03_m3": 1558.2,
        "month_04_m3": 1109.3600000000001,
        "month_05_m3": 1134.84,
        "month_06_m3": 1677.76,
        "avg_monthly_m3": 1553.9533333333336,
        "volume_class": "C · 1–5k",
        "marker_size": 12.88,
        "coord_quality": "high",
        "coord_source": "nominatim_osm",
        "coord_method": "Точный адрес OpenStreetMap",
        "needs_review": false,
        "cluster_eligible": true,
        "coord_source_url": "https://www.openstreetmap.org/way/1282507119",
        "original_coordinates": "",
        "source_coordinate_count": 0,
        "coord_note": "127, улица Мукагали Макатаева, Алмалинский район, Алматы, 050050, Казахстан"
      }
    },
    {
      "type": "Feature",
      "id": "abonent-45",
      "geometry": {
        "type": "Point",
        "coordinates": [
          76.893476,
          43.252645
        ]
      },
      "properties": {
        "row_id": 45,
        "contract": 4043,
        "name": "Акционерное общество \"Алматинский завод тяжелого машиностроения\"",
        "bin": "950640001829",
        "activity": "МойкиОфисыПроизводственный цех",
        "district": "Алмалинский",
        "address": "ТОЛЕ БИ, 189",
        "month_01_m3": 2109,
        "month_02_m3": 2188.8,
        "month_03_m3": 1208.4,
        "month_04_m3": 1219.8,
        "month_05_m3": 963.3000000000001,
        "month_06_m3": 1242.6000000000001,
        "avg_monthly_m3": 1488.6500000000003,
        "volume_class": "C · 1–5k",
        "marker_size": 12.72,
        "coord_quality": "source",
        "coord_source": "source_workbook",
        "coord_method": "Исходная координата",
        "needs_review": false,
        "cluster_eligible": true,
        "coord_source_url": "",
        "original_coordinates": "43,252645/76,893476",
        "source_coordinate_count": 1,
        "coord_note": ""
      }
    },
    {
      "type": "Feature",
      "id": "abonent-46",
      "geometry": {
        "type": "Point",
        "coordinates": [
          76.899496,
          43.213269
        ]
      },
      "properties": {
        "row_id": 46,
        "contract": 7194,
        "name": "Товарищество с ограниченной ответственностью \"Арома\"",
        "bin": "920340000567",
        "activity": "Производственный цех",
        "district": "Бостандыкский",
        "address": "ГАГАРИНА , 238Б",
        "month_01_m3": 1673.1000000000001,
        "month_02_m3": 1034.55,
        "month_03_m3": 1548.25,
        "month_04_m3": 1521.3,
        "month_05_m3": 1455.3,
        "month_06_m3": 1674.75,
        "avg_monthly_m3": 1484.5416666666667,
        "volume_class": "C · 1–5k",
        "marker_size": 12.71,
        "coord_quality": "source",
        "coord_source": "source_workbook",
        "coord_method": "Исходная координата",
        "needs_review": false,
        "cluster_eligible": true,
        "coord_source_url": "",
        "original_coordinates": "43,213269/76,899496",
        "source_coordinate_count": 1,
        "coord_note": ""
      }
    },
    {
      "type": "Feature",
      "id": "abonent-47",
      "geometry": {
        "type": "Point",
        "coordinates": [
          77.012916,
          43.330514
        ]
      },
      "properties": {
        "row_id": 47,
        "contract": 535757,
        "name": "Товарищество с ограниченной ответственностью \"Hyundai Trans Auto\"",
        "bin": "980940000817",
        "activity": "Промышленность",
        "district": "Турксибский",
        "address": "БУХТАРМИНСКАЯ, 70",
        "month_01_m3": 1518,
        "month_02_m3": 1571,
        "month_03_m3": 1509,
        "month_04_m3": 1734,
        "month_05_m3": 1126,
        "month_06_m3": 1117,
        "avg_monthly_m3": 1429.1666666666667,
        "volume_class": "C · 1–5k",
        "marker_size": 12.56,
        "coord_quality": "source",
        "coord_source": "source_workbook",
        "coord_method": "Исходная координата",
        "needs_review": false,
        "cluster_eligible": true,
        "coord_source_url": "",
        "original_coordinates": "43,330514/77,012916",
        "source_coordinate_count": 1,
        "coord_note": ""
      }
    },
    {
      "type": "Feature",
      "id": "abonent-48",
      "geometry": {
        "type": "Point",
        "coordinates": [
          76.793158,
          43.296865
        ]
      },
      "properties": {
        "row_id": 48,
        "contract": 525637,
        "name": "Товарищество с ограниченной ответственностью \"БСФ\"",
        "bin": "000140002207",
        "activity": "Производственный цех",
        "district": "Алатауский",
        "address": "АЛГАБАС, УЛ.7, уч.142/76",
        "month_01_m3": 743,
        "month_02_m3": 1049,
        "month_03_m3": 468,
        "month_04_m3": 396,
        "month_05_m3": 3403,
        "month_06_m3": 1984,
        "avg_monthly_m3": 1340.5,
        "volume_class": "C · 1–5k",
        "marker_size": 12.32,
        "coord_quality": "low",
        "coord_source": "2gis_street",
        "coord_method": "Центр 7-й улицы в мкр. Алгабас",
        "needs_review": true,
        "cluster_eligible": false,
        "coord_source_url": "https://2gis.kz/almaty/geo/9430150454189014",
        "original_coordinates": "",
        "source_coordinate_count": 0,
        "coord_note": "Участок 142/76 не найден."
      }
    },
    {
      "type": "Feature",
      "id": "abonent-49",
      "geometry": {
        "type": "Point",
        "coordinates": [
          76.9109024,
          43.3526676
        ]
      },
      "properties": {
        "row_id": 49,
        "contract": 16231,
        "name": "Товарищество с ограниченной ответственностью \"Дос Тау ЛТД\"",
        "bin": "050840008191",
        "activity": "Промышленность",
        "district": "Турксибский",
        "address": "ПЕРВОМАЙСКИЙ, П/БАЗА",
        "month_01_m3": 1225,
        "month_02_m3": 1386,
        "month_03_m3": 1346,
        "month_04_m3": 1378,
        "month_05_m3": 1322,
        "month_06_m3": 1341,
        "avg_monthly_m3": 1333,
        "volume_class": "C · 1–5k",
        "marker_size": 12.3,
        "coord_quality": "high",
        "coord_source": "official_environmental_document",
        "coord_method": "Центроид опубликованного контура предприятия",
        "needs_review": false,
        "cluster_eligible": true,
        "coord_source_url": "https://www.gov.kz/memleket/entities/almaty-eco/press/article/details/183514",
        "original_coordinates": "",
        "source_coordinate_count": 0,
        "coord_note": "Центроид пяти опубликованных вершин территории."
      }
    },
    {
      "type": "Feature",
      "id": "abonent-50",
      "geometry": {
        "type": "Point",
        "coordinates": [
          76.977942,
          43.352151
        ]
      },
      "properties": {
        "row_id": 50,
        "contract": 16638,
        "name": "Товарищество с ограниченной ответственностью \"ИНТЕР МУЛЬТИ СЕРВИС\"",
        "bin": "080240023694",
        "activity": "СкладыПроизводственный цех",
        "district": "Турксибский",
        "address": "БЕКМАХАНОВА, 96 в",
        "month_01_m3": 861,
        "month_02_m3": 406,
        "month_03_m3": 494,
        "month_04_m3": 618,
        "month_05_m3": 2581,
        "month_06_m3": 2918,
        "avg_monthly_m3": 1313,
        "volume_class": "C · 1–5k",
        "marker_size": 12.25,
        "coord_quality": "source",
        "coord_source": "source_workbook",
        "coord_method": "Исходная координата",
        "needs_review": false,
        "cluster_eligible": true,
        "coord_source_url": "",
        "original_coordinates": "43,352151/76,977942",
        "source_coordinate_count": 1,
        "coord_note": ""
      }
    },
    {
      "type": "Feature",
      "id": "abonent-51",
      "geometry": {
        "type": "Point",
        "coordinates": [
          76.865609,
          43.267188
        ]
      },
      "properties": {
        "row_id": 51,
        "contract": 7693,
        "name": "Товарищество с ограниченной ответственностью \"Конфетки Бараночки\"",
        "bin": "020340002951",
        "activity": "Предприятия питанияКондитерский цех",
        "district": "Алатауский",
        "address": "КУРЫЛЫСШИ, ЖАНАРКА (СТРОИТЕЛЬНАЯ), 10/6",
        "month_01_m3": 1107,
        "month_02_m3": 1224,
        "month_03_m3": 1111,
        "month_04_m3": 1073,
        "month_05_m3": 1284,
        "month_06_m3": 1326,
        "avg_monthly_m3": 1187.5,
        "volume_class": "C · 1–5k",
        "marker_size": 11.89,
        "coord_quality": "high",
        "coord_source": "2gis_company",
        "coord_method": "Карточка предприятия 2GIS",
        "needs_review": false,
        "cluster_eligible": true,
        "coord_source_url": "https://2gis.kz/almaty/firm/9429940001065775",
        "original_coordinates": "",
        "source_coordinate_count": 0,
        "coord_note": "Улица Жанаарка, 10/6, Алматы"
      }
    },
    {
      "type": "Feature",
      "id": "abonent-52",
      "geometry": {
        "type": "Point",
        "coordinates": [
          76.904209,
          43.29049
        ]
      },
      "properties": {
        "row_id": 52,
        "contract": 523622,
        "name": "Товарищество с ограниченной ответственностью \"G-Line\"",
        "bin": "091240018860",
        "activity": "ОфисыПроизводственный цех",
        "district": "Жетысуский",
        "address": "БОКЕЙХАНОВА АЛИХАНА, 81 А",
        "month_01_m3": 1199.08,
        "month_02_m3": 1083.04,
        "month_03_m3": 1199.08,
        "month_04_m3": 1160.4,
        "month_05_m3": 1199.08,
        "month_06_m3": 1160.4,
        "avg_monthly_m3": 1166.8466666666666,
        "volume_class": "C · 1–5k",
        "marker_size": 11.83,
        "coord_quality": "source",
        "coord_source": "source_workbook",
        "coord_method": "Исходная координата",
        "needs_review": false,
        "cluster_eligible": true,
        "coord_source_url": "",
        "original_coordinates": "43,29049/76,904209",
        "source_coordinate_count": 1,
        "coord_note": ""
      }
    },
    {
      "type": "Feature",
      "id": "abonent-53",
      "geometry": {
        "type": "Point",
        "coordinates": [
          76.910744,
          43.272709
        ]
      },
      "properties": {
        "row_id": 53,
        "contract": 5153,
        "name": "Товарищество с ограниченной ответственностью \"Темирбетон-1\"",
        "bin": "040540001121",
        "activity": "Промышленность",
        "district": "Жетысуский",
        "address": "БОКЕЙХАНОВА АЛИХАНА, 11",
        "month_01_m3": 856.9200000000001,
        "month_02_m3": 2114.18,
        "month_03_m3": 0,
        "month_04_m3": 1723.83,
        "month_05_m3": 1016.02,
        "month_06_m3": 866.91,
        "avg_monthly_m3": 1096.3100000000002,
        "volume_class": "C · 1–5k",
        "marker_size": 11.62,
        "coord_quality": "source",
        "coord_source": "source_workbook",
        "coord_method": "Исходная координата",
        "needs_review": false,
        "cluster_eligible": true,
        "coord_source_url": "",
        "original_coordinates": "43,272709/76,910744",
        "source_coordinate_count": 1,
        "coord_note": ""
      }
    },
    {
      "type": "Feature",
      "id": "abonent-54",
      "geometry": {
        "type": "Point",
        "coordinates": [
          76.807763,
          43.299339
        ]
      },
      "properties": {
        "row_id": 54,
        "contract": 525647,
        "name": "Товарищество с ограниченной ответственности \" TEPLOSTIL\"",
        "bin": "190140004627",
        "activity": "Производственный цех",
        "district": "Алатауский",
        "address": "АЛГАБАС, УЛ.7, 130/11",
        "month_01_m3": 717,
        "month_02_m3": 157,
        "month_03_m3": 894,
        "month_04_m3": 1849,
        "month_05_m3": 1180,
        "month_06_m3": 1709,
        "avg_monthly_m3": 1084.3333333333333,
        "volume_class": "C · 1–5k",
        "marker_size": 11.59,
        "coord_quality": "high",
        "coord_source": "2gis_address",
        "coord_method": "Адресная карточка 2GIS",
        "needs_review": false,
        "cluster_eligible": true,
        "coord_source_url": "https://2gis.kz/almaty/geo/70030076433226685",
        "original_coordinates": "",
        "source_coordinate_count": 0,
        "coord_note": "7-я улица, 130/11"
      }
    },
    {
      "type": "Feature",
      "id": "abonent-55",
      "geometry": {
        "type": "Point",
        "coordinates": [
          76.946786,
          43.362848
        ]
      },
      "properties": {
        "row_id": 55,
        "contract": 16278,
        "name": "Товарищество с ограниченной ответственностью  \"НУР-МАЙ ФАРМАЦИЯ\"",
        "bin": "110640010655",
        "activity": "Административные здания",
        "district": "Жетысуский",
        "address": "КЕМЕЛ, АКСУАТ, 104",
        "month_01_m3": 779.52,
        "month_02_m3": 803.2,
        "month_03_m3": 908.8000000000001,
        "month_04_m3": 1053.44,
        "month_05_m3": 1140.48,
        "month_06_m3": 1419.52,
        "avg_monthly_m3": 1017.4933333333335,
        "volume_class": "C · 1–5k",
        "marker_size": 11.38,
        "coord_quality": "source",
        "coord_source": "source_workbook",
        "coord_method": "Исходная координата",
        "needs_review": false,
        "cluster_eligible": true,
        "coord_source_url": "",
        "original_coordinates": "43,362848/76,946786",
        "source_coordinate_count": 1,
        "coord_note": ""
      }
    },
    {
      "type": "Feature",
      "id": "abonent-56",
      "geometry": {
        "type": "Point",
        "coordinates": [
          76.884701,
          43.369998
        ]
      },
      "properties": {
        "row_id": 56,
        "contract": 22285,
        "name": "Филиал Товарищество с ограниченной ответственностью \"PetroRetail\" по городу Алматы и Алматинской области",
        "bin": "181040037076",
        "activity": "Административные здания",
        "district": "Турксибский",
        "address": "ИЛИЙСКИЙ Р-Н,С.КАЗЦИК, МЕНДЕЛЕЕВА, 12",
        "month_01_m3": 599,
        "month_02_m3": 602,
        "month_03_m3": 1208,
        "month_04_m3": 42,
        "month_05_m3": 2489,
        "month_06_m3": 1060,
        "avg_monthly_m3": 1000,
        "volume_class": "C · 1–5k",
        "marker_size": 11.32,
        "coord_quality": "medium",
        "coord_source": "2gis_nearby_address",
        "coord_method": "Ближайший адрес на улице Менделеева",
        "needs_review": true,
        "cluster_eligible": false,
        "coord_source_url": "https://2gis.kz/almaty/geo/9430047374978093",
        "original_coordinates": "",
        "source_coordinate_count": 0,
        "coord_note": "Дом 12 не найден; использован соседний объект 10а."
      }
    },
    {
      "type": "Feature",
      "id": "abonent-57",
      "geometry": {
        "type": "Point",
        "coordinates": [
          76.917141,
          43.276393
        ]
      },
      "properties": {
        "row_id": 57,
        "contract": 50084,
        "name": "Товарищество с ограниченной ответственностью \"Alina Property\"",
        "bin": "160140003019",
        "activity": "СкладыОфисыПроизводственный цех",
        "district": "Жетысуский",
        "address": "КАЗЫБАЕВА КАКИМЖАНА, 20",
        "month_01_m3": 948.88,
        "month_02_m3": 761.9300000000001,
        "month_03_m3": 1196.22,
        "month_04_m3": 1074.93,
        "month_05_m3": 536.86,
        "month_06_m3": 1366.15,
        "avg_monthly_m3": 980.8283333333333,
        "volume_class": "D · <1k",
        "marker_size": 11.26,
        "coord_quality": "high",
        "coord_source": "yandex_maps",
        "coord_method": "Точная карточка здания",
        "needs_review": false,
        "cluster_eligible": true,
        "coord_source_url": "https://yandex.kz/maps/ru/162/almaty/house/kakimzhan_qazybaev_koshesi_20/Y08YfwZnSEEGQFppfX52d39qZw%3D%3D/",
        "original_coordinates": "",
        "source_coordinate_count": 0,
        "coord_note": "В здании указана организация Alina Paint."
      }
    },
    {
      "type": "Feature",
      "id": "abonent-58",
      "geometry": {
        "type": "Point",
        "coordinates": [
          76.9060079,
          43.3092826
        ]
      },
      "properties": {
        "row_id": 58,
        "contract": 526834,
        "name": "Товарищество с ограниченной ответственностью \"Конкрит Продактс\"",
        "bin": "961240003270",
        "activity": "Промышленность",
        "district": "Жетысуский",
        "address": "АНГАРСКАЯ, 129",
        "month_01_m3": 719,
        "month_02_m3": 761,
        "month_03_m3": 1024,
        "month_04_m3": 1813,
        "month_05_m3": 377,
        "month_06_m3": 1106,
        "avg_monthly_m3": 966.6666666666666,
        "volume_class": "D · <1k",
        "marker_size": 11.22,
        "coord_quality": "high",
        "coord_source": "nominatim_osm",
        "coord_method": "Точный адрес OpenStreetMap",
        "needs_review": false,
        "cluster_eligible": true,
        "coord_source_url": "https://www.openstreetmap.org/way/343877321",
        "original_coordinates": "",
        "source_coordinate_count": 0,
        "coord_note": "129, Ангарская улица, Жетысуский район, Алматы, 050064, Казахстан"
      }
    },
    {
      "type": "Feature",
      "id": "abonent-59",
      "geometry": {
        "type": "Point",
        "coordinates": [
          76.979725,
          43.339303
        ]
      },
      "properties": {
        "row_id": 59,
        "contract": 6860,
        "name": "Товарищество с ограниченной ответственностью \"ТЕПЛОИНВЕСТ\"",
        "bin": "981140001630",
        "activity": "Производственный цех",
        "district": "Турксибский",
        "address": "БЕКМАХАНОВА, 99",
        "month_01_m3": 1367,
        "month_02_m3": 1065,
        "month_03_m3": 833,
        "month_04_m3": 966,
        "month_05_m3": 819,
        "month_06_m3": 638,
        "avg_monthly_m3": 948,
        "volume_class": "D · <1k",
        "marker_size": 11.16,
        "coord_quality": "source",
        "coord_source": "source_workbook",
        "coord_method": "Исходная координата",
        "needs_review": false,
        "cluster_eligible": true,
        "coord_source_url": "",
        "original_coordinates": "43,339303/76,979725",
        "source_coordinate_count": 1,
        "coord_note": ""
      }
    },
    {
      "type": "Feature",
      "id": "abonent-60",
      "geometry": {
        "type": "Point",
        "coordinates": [
          76.88793,
          43.254379
        ]
      },
      "properties": {
        "row_id": 60,
        "contract": 1085,
        "name": "Акционерное общество \"Алатау Жарык Компаниясы\"",
        "bin": "960840000483",
        "activity": "Производственный цех",
        "district": "Алмалинский",
        "address": "РОЗЫБАКИЕВА, 6",
        "month_01_m3": 977.84,
        "month_02_m3": 935.24,
        "month_03_m3": 864.58,
        "month_04_m3": 931.99,
        "month_05_m3": 926.21,
        "month_06_m3": 1002.1800000000001,
        "avg_monthly_m3": 939.6733333333333,
        "volume_class": "D · <1k",
        "marker_size": 11.13,
        "coord_quality": "source",
        "coord_source": "source_workbook",
        "coord_method": "Исходная координата",
        "needs_review": false,
        "cluster_eligible": true,
        "coord_source_url": "",
        "original_coordinates": "43,254379/76,88793",
        "source_coordinate_count": 1,
        "coord_note": ""
      }
    },
    {
      "type": "Feature",
      "id": "abonent-61",
      "geometry": {
        "type": "Point",
        "coordinates": [
          76.860802,
          43.253606
        ]
      },
      "properties": {
        "row_id": 61,
        "contract": 1038,
        "name": "Республиканское государственное предприятие на праве хоз.ведения \"Банкнотная фабрика Национального банка РК\"",
        "bin": "040340003379",
        "activity": "Промышленность",
        "district": "Ауэзовский",
        "address": "ФУРКАТА, 4",
        "month_01_m3": 1068.02,
        "month_02_m3": 1058.48,
        "month_03_m3": 873.0799999999999,
        "month_04_m3": 848.49,
        "month_05_m3": 641.4,
        "month_06_m3": 807.24,
        "avg_monthly_m3": 882.7849999999999,
        "volume_class": "D · <1k",
        "marker_size": 10.94,
        "coord_quality": "source",
        "coord_source": "source_workbook",
        "coord_method": "Исходная координата",
        "needs_review": false,
        "cluster_eligible": true,
        "coord_source_url": "",
        "original_coordinates": "43,253606/76,860802",
        "source_coordinate_count": 1,
        "coord_note": ""
      }
    },
    {
      "type": "Feature",
      "id": "abonent-62",
      "geometry": {
        "type": "Point",
        "coordinates": [
          76.913772,
          43.292139
        ]
      },
      "properties": {
        "row_id": 62,
        "contract": 50069,
        "name": "Товарищество с ограниченной ответственностью \"Serebro Profit\"",
        "bin": "150540021773",
        "activity": "Административные зданияСкладыПроизводственный цех",
        "district": "Жетысуский",
        "address": "РАТУШНОГО, 78",
        "month_01_m3": 1190.97,
        "month_02_m3": 1256.83,
        "month_03_m3": 208.11,
        "month_04_m3": 100,
        "month_05_m3": 906.1800000000001,
        "month_06_m3": 1536.87,
        "avg_monthly_m3": 866.4933333333333,
        "volume_class": "D · <1k",
        "marker_size": 10.89,
        "coord_quality": "source",
        "coord_source": "source_workbook",
        "coord_method": "Исходная координата",
        "needs_review": false,
        "cluster_eligible": true,
        "coord_source_url": "",
        "original_coordinates": "43,292139/76,913772",
        "source_coordinate_count": 1,
        "coord_note": ""
      }
    },
    {
      "type": "Feature",
      "id": "abonent-63",
      "geometry": {
        "type": "Point",
        "coordinates": [
          76.977942,
          43.352151
        ]
      },
      "properties": {
        "row_id": 63,
        "contract": 16638,
        "name": "Товарищество с ограниченной ответственностью \"ИНТЕР МУЛЬТИ СЕРВИС\"",
        "bin": "080240023694",
        "activity": "Административные зданияСкладыПроизводственный цех",
        "district": "Турксибский",
        "address": "БЕКМАХАНОВА, 96/7",
        "month_01_m3": 906,
        "month_02_m3": 453,
        "month_03_m3": 69,
        "month_04_m3": 295,
        "month_05_m3": 2753,
        "month_06_m3": 662,
        "avg_monthly_m3": 856.3333333333334,
        "volume_class": "D · <1k",
        "marker_size": 10.85,
        "coord_quality": "source",
        "coord_source": "source_workbook",
        "coord_method": "Исходная координата",
        "needs_review": false,
        "cluster_eligible": true,
        "coord_source_url": "",
        "original_coordinates": "43,352151/76,977942",
        "source_coordinate_count": 1,
        "coord_note": ""
      }
    },
    {
      "type": "Feature",
      "id": "abonent-64",
      "geometry": {
        "type": "Point",
        "coordinates": [
          76.900079,
          43.298825
        ]
      },
      "properties": {
        "row_id": 64,
        "contract": 529766,
        "name": "Физическое лицо Ихласов Асылхан Аргынгазыевич",
        "bin": "740916301081",
        "activity": "Кондитерский цех",
        "district": "Жетысуский",
        "address": "АНГАРСКАЯ, 67А",
        "month_01_m3": 1045,
        "month_02_m3": 0,
        "month_03_m3": 0,
        "month_04_m3": 3340,
        "month_05_m3": 680,
        "month_06_m3": 0,
        "avg_monthly_m3": 844.1666666666666,
        "volume_class": "D · <1k",
        "marker_size": 10.81,
        "coord_quality": "source",
        "coord_source": "source_workbook",
        "coord_method": "Исходная координата",
        "needs_review": false,
        "cluster_eligible": true,
        "coord_source_url": "",
        "original_coordinates": "43,298825/76,900079",
        "source_coordinate_count": 1,
        "coord_note": ""
      }
    },
    {
      "type": "Feature",
      "id": "abonent-65",
      "geometry": {
        "type": "Point",
        "coordinates": [
          76.869532,
          43.269359
        ]
      },
      "properties": {
        "row_id": 65,
        "contract": 17222,
        "name": "Товарищество с ограниченной ответственностью \" ФИРМА  \"ПО Казспецконтракт\"",
        "bin": "950440000665",
        "activity": "СкладыПроизводственный цех",
        "district": "Алатауский",
        "address": "КУРЛЫСШИ, Жанаарка, 7/2",
        "month_01_m3": 651,
        "month_02_m3": 626,
        "month_03_m3": 776,
        "month_04_m3": 914,
        "month_05_m3": 999,
        "month_06_m3": 1065,
        "avg_monthly_m3": 838.5,
        "volume_class": "D · <1k",
        "marker_size": 10.79,
        "coord_quality": "source",
        "coord_source": "source_workbook",
        "coord_method": "Исходная координата",
        "needs_review": false,
        "cluster_eligible": true,
        "coord_source_url": "",
        "original_coordinates": "43,269359/76,869532",
        "source_coordinate_count": 1,
        "coord_note": ""
      }
    },
    {
      "type": "Feature",
      "id": "abonent-66",
      "geometry": {
        "type": "Point",
        "coordinates": [
          76.976287,
          43.333337
        ]
      },
      "properties": {
        "row_id": 66,
        "contract": 16101,
        "name": "Товарищество с ограниченной ответственностью \"Кастинг\"",
        "bin": "991040000303",
        "activity": "Промышленность",
        "district": "Турксибский",
        "address": "МАЙЛИНА БЕИМБЕТА, 85",
        "month_01_m3": 866.69,
        "month_02_m3": 1100.89,
        "month_03_m3": 723.59,
        "month_04_m3": 323.73,
        "month_05_m3": 679.4,
        "month_06_m3": 1281.4,
        "avg_monthly_m3": 829.2833333333334,
        "volume_class": "D · <1k",
        "marker_size": 10.76,
        "coord_quality": "source",
        "coord_source": "source_workbook",
        "coord_method": "Исходная координата",
        "needs_review": false,
        "cluster_eligible": true,
        "coord_source_url": "",
        "original_coordinates": "43,333337/76,976287",
        "source_coordinate_count": 1,
        "coord_note": ""
      }
    },
    {
      "type": "Feature",
      "id": "abonent-67",
      "geometry": {
        "type": "Point",
        "coordinates": [
          76.903664,
          43.305657
        ]
      },
      "properties": {
        "row_id": 67,
        "contract": 5084,
        "name": "Товарищество с ограниченной ответственностью \"ALMA ELEGANT\"",
        "bin": "161040024625",
        "activity": "Автомойка самообслуживанияОфисыПроизводственный цехСтоловая",
        "district": "Жетысуский",
        "address": "АНГАРСКАЯ, 115 Г",
        "month_01_m3": 786,
        "month_02_m3": 729,
        "month_03_m3": 0,
        "month_04_m3": 0,
        "month_05_m3": 3381,
        "month_06_m3": 0,
        "avg_monthly_m3": 816,
        "volume_class": "D · <1k",
        "marker_size": 10.71,
        "coord_quality": "source",
        "coord_source": "source_workbook",
        "coord_method": "Исходная координата",
        "needs_review": false,
        "cluster_eligible": true,
        "coord_source_url": "",
        "original_coordinates": "43,305657/76,903664",
        "source_coordinate_count": 1,
        "coord_note": ""
      }
    },
    {
      "type": "Feature",
      "id": "abonent-68",
      "geometry": {
        "type": "Point",
        "coordinates": [
          76.882384,
          43.255692
        ]
      },
      "properties": {
        "row_id": 68,
        "contract": 1031,
        "name": "ТОО \"Молочный завод \"Солнечный\"",
        "bin": "020740004437",
        "activity": "Промышленность",
        "district": "Алмалинский",
        "address": "ГАЙДАРА, 36",
        "month_01_m3": 904.7,
        "month_02_m3": 1294.8,
        "month_03_m3": 662.13,
        "month_04_m3": 1475.3300000000002,
        "month_05_m3": 27.02,
        "month_06_m3": 524.98,
        "avg_monthly_m3": 814.8266666666668,
        "volume_class": "D · <1k",
        "marker_size": 10.71,
        "coord_quality": "source",
        "coord_source": "source_workbook",
        "coord_method": "Исходная координата",
        "needs_review": false,
        "cluster_eligible": true,
        "coord_source_url": "",
        "original_coordinates": "43,255692/76,882384",
        "source_coordinate_count": 1,
        "coord_note": ""
      }
    },
    {
      "type": "Feature",
      "id": "abonent-69",
      "geometry": {
        "type": "Point",
        "coordinates": [
          76.920391,
          43.353485
        ]
      },
      "properties": {
        "row_id": 69,
        "contract": 6420,
        "name": "Алматинский филиал Товарищества с ограниченной ответственностью \"Sinooil\"",
        "bin": "090541018646",
        "activity": "Производственный цех",
        "district": "Жетысуский",
        "address": "ПЕРВОМАЙСКАЯ НЕФТЕБА, 38",
        "month_01_m3": 833,
        "month_02_m3": 591,
        "month_03_m3": 417,
        "month_04_m3": 0,
        "month_05_m3": 2790,
        "month_06_m3": 196,
        "avg_monthly_m3": 804.5,
        "volume_class": "D · <1k",
        "marker_size": 10.67,
        "coord_quality": "source",
        "coord_source": "source_workbook",
        "coord_method": "Исходная координата",
        "needs_review": false,
        "cluster_eligible": true,
        "coord_source_url": "",
        "original_coordinates": "43,353485/76,920391",
        "source_coordinate_count": 1,
        "coord_note": ""
      }
    },
    {
      "type": "Feature",
      "id": "abonent-70",
      "geometry": {
        "type": "Point",
        "coordinates": [
          76.950521,
          43.357146
        ]
      },
      "properties": {
        "row_id": 70,
        "contract": 16153,
        "name": "Акционерное общество \"Институт металлургии и обогащения\"",
        "bin": "070740005957",
        "activity": "Административные зданияПромышленность",
        "district": "Турксибский",
        "address": "СПАССКАЯ, 64 А",
        "month_01_m3": 755,
        "month_02_m3": 427,
        "month_03_m3": 1185.3600000000001,
        "month_04_m3": 793.85,
        "month_05_m3": 697,
        "month_06_m3": 774,
        "avg_monthly_m3": 772.035,
        "volume_class": "D · <1k",
        "marker_size": 10.56,
        "coord_quality": "source",
        "coord_source": "source_workbook",
        "coord_method": "Исходная координата",
        "needs_review": false,
        "cluster_eligible": true,
        "coord_source_url": "",
        "original_coordinates": "43,357146/76,950521",
        "source_coordinate_count": 1,
        "coord_note": ""
      }
    },
    {
      "type": "Feature",
      "id": "abonent-71",
      "geometry": {
        "type": "Point",
        "coordinates": [
          76.9675744,
          43.3244675
        ]
      },
      "properties": {
        "row_id": 71,
        "contract": 6142,
        "name": "ТОО \"Завод \"КВОиТ\"",
        "bin": "050840007575",
        "activity": "Промышленность",
        "district": "Турксибский",
        "address": "ГЕТЕ, 257",
        "month_01_m3": 785.11,
        "month_02_m3": 512.16,
        "month_03_m3": 639.6800000000001,
        "month_04_m3": 759.83,
        "month_05_m3": 965.6700000000001,
        "month_06_m3": 853.9,
        "avg_monthly_m3": 752.725,
        "volume_class": "D · <1k",
        "marker_size": 10.49,
        "coord_quality": "high",
        "coord_source": "nominatim_osm",
        "coord_method": "Точный адрес OpenStreetMap",
        "needs_review": false,
        "cluster_eligible": true,
        "coord_source_url": "https://www.openstreetmap.org/way/288726559",
        "original_coordinates": "",
        "source_coordinate_count": 0,
        "coord_note": "257, улица Гёте, Турксибский район, Алматы, 050054, Казахстан"
      }
    },
    {
      "type": "Feature",
      "id": "abonent-72",
      "geometry": {
        "type": "Point",
        "coordinates": [
          76.950186,
          43.367812
        ]
      },
      "properties": {
        "row_id": 72,
        "contract": 50334,
        "name": "Товарищество с ограниченной ответственностью \"STYNERGY\"(СТИНЕРДЖИ)",
        "bin": "050640001632",
        "activity": "Склады",
        "district": "Жетысуский",
        "address": "КЕМЕЛ, КАЗАНАТ, 4",
        "month_01_m3": 843,
        "month_02_m3": 720,
        "month_03_m3": 642,
        "month_04_m3": 960,
        "month_05_m3": 534,
        "month_06_m3": 792,
        "avg_monthly_m3": 748.5,
        "volume_class": "D · <1k",
        "marker_size": 10.47,
        "coord_quality": "high",
        "coord_source": "2gis_company",
        "coord_method": "Карточка предприятия 2GIS",
        "needs_review": false,
        "cluster_eligible": true,
        "coord_source_url": "https://2gis.kz/almaty/firm/9429940000790394",
        "original_coordinates": "",
        "source_coordinate_count": 0,
        "coord_note": "​Улица Казанат, 4, Алматы​2 филиала"
      }
    },
    {
      "type": "Feature",
      "id": "abonent-73",
      "geometry": {
        "type": "Point",
        "coordinates": [
          76.984837,
          43.367321
        ]
      },
      "properties": {
        "row_id": 73,
        "contract": 16587,
        "name": "Товарищество с ограниченной ответственностью \"SAMRUK GROUP\"",
        "bin": "060540014226",
        "activity": "Административные зданияПроизводственный цех",
        "district": "Турксибский",
        "address": "КРАСНОГВАРДЕЙСКИЙ , 284",
        "month_01_m3": 1170,
        "month_02_m3": 576,
        "month_03_m3": 490,
        "month_04_m3": 820,
        "month_05_m3": 627,
        "month_06_m3": 807,
        "avg_monthly_m3": 748.3333333333334,
        "volume_class": "D · <1k",
        "marker_size": 10.47,
        "coord_quality": "source",
        "coord_source": "source_workbook",
        "coord_method": "Исходная координата",
        "needs_review": false,
        "cluster_eligible": true,
        "coord_source_url": "",
        "original_coordinates": "43,367321/76,984837",
        "source_coordinate_count": 1,
        "coord_note": ""
      }
    },
    {
      "type": "Feature",
      "id": "abonent-74",
      "geometry": {
        "type": "Point",
        "coordinates": [
          76.903782,
          43.347666
        ]
      },
      "properties": {
        "row_id": 74,
        "contract": 524361,
        "name": "Товарищество с ограниченной ответственностью \"Казкотлосервис\"",
        "bin": "050440006834",
        "activity": "Производственный цех",
        "district": "Алатауский",
        "address": "КАРАСУ, БУРУНДАЙСКАЯ, 59",
        "month_01_m3": 721,
        "month_02_m3": 862,
        "month_03_m3": 860,
        "month_04_m3": 620,
        "month_05_m3": 781,
        "month_06_m3": 625,
        "avg_monthly_m3": 744.8333333333334,
        "volume_class": "D · <1k",
        "marker_size": 10.46,
        "coord_quality": "high",
        "coord_source": "2gis_company",
        "coord_method": "Карточка предприятия 2GIS",
        "needs_review": false,
        "cluster_eligible": true,
        "coord_source_url": "https://2gis.kz/almaty/firm/9429940000796333",
        "original_coordinates": "",
        "source_coordinate_count": 0,
        "coord_note": "Улица Бурундайская, 59, Алматы"
      }
    },
    {
      "type": "Feature",
      "id": "abonent-75",
      "geometry": {
        "type": "Point",
        "coordinates": [
          76.99997,
          43.384533
        ]
      },
      "properties": {
        "row_id": 75,
        "contract": 537736,
        "name": "Индивидуальный предприниматель Ауезова Ардак Муханбетжановна",
        "bin": "830827450110",
        "activity": "Производственный цех",
        "district": "Турксибский",
        "address": "СУЮНБАЯ, 633",
        "month_01_m3": 582.75,
        "month_02_m3": 677.62,
        "month_03_m3": 429.02,
        "month_04_m3": 980.69,
        "month_05_m3": 931.9,
        "month_06_m3": 832.81,
        "avg_monthly_m3": 739.1316666666667,
        "volume_class": "D · <1k",
        "marker_size": 10.44,
        "coord_quality": "source",
        "coord_source": "source_workbook",
        "coord_method": "Исходная координата",
        "needs_review": false,
        "cluster_eligible": true,
        "coord_source_url": "",
        "original_coordinates": "43,384533/76,99997",
        "source_coordinate_count": 1,
        "coord_note": ""
      }
    },
    {
      "type": "Feature",
      "id": "abonent-76",
      "geometry": {
        "type": "Point",
        "coordinates": [
          76.968048,
          43.352443
        ]
      },
      "properties": {
        "row_id": 76,
        "contract": 6113,
        "name": "Товарищество с ограниченной ответственностью \"Alina Property\"",
        "bin": "160140003019",
        "activity": "Административные зданияСкладыПроизводственный цех",
        "district": "Турксибский",
        "address": "БЕКМАХАНОВА, 92 Г",
        "month_01_m3": 433.14,
        "month_02_m3": 376.88,
        "month_03_m3": 390.34000000000003,
        "month_04_m3": 626,
        "month_05_m3": 1113,
        "month_06_m3": 1387,
        "avg_monthly_m3": 721.0600000000001,
        "volume_class": "D · <1k",
        "marker_size": 10.37,
        "coord_quality": "source",
        "coord_source": "source_workbook",
        "coord_method": "Исходная координата",
        "needs_review": false,
        "cluster_eligible": true,
        "coord_source_url": "",
        "original_coordinates": "43,352443/76,968048",
        "source_coordinate_count": 1,
        "coord_note": ""
      }
    },
    {
      "type": "Feature",
      "id": "abonent-77",
      "geometry": {
        "type": "Point",
        "coordinates": [
          76.965236,
          43.347076
        ]
      },
      "properties": {
        "row_id": 77,
        "contract": 6483,
        "name": "Товарищество с ограниченной ответственностью \"LCI - MK\"",
        "bin": "130140008827",
        "activity": "Промышленность",
        "district": "Турксибский",
        "address": "БЕКМАХАНОВА, 81",
        "month_01_m3": 686,
        "month_02_m3": 557,
        "month_03_m3": 873,
        "month_04_m3": 872,
        "month_05_m3": 767,
        "month_06_m3": 552,
        "avg_monthly_m3": 717.8333333333334,
        "volume_class": "D · <1k",
        "marker_size": 10.36,
        "coord_quality": "source",
        "coord_source": "source_workbook",
        "coord_method": "Исходная координата",
        "needs_review": false,
        "cluster_eligible": true,
        "coord_source_url": "",
        "original_coordinates": "43,347076/76,965236",
        "source_coordinate_count": 1,
        "coord_note": ""
      }
    },
    {
      "type": "Feature",
      "id": "abonent-78",
      "geometry": {
        "type": "Point",
        "coordinates": [
          76.984745,
          43.344601
        ]
      },
      "properties": {
        "row_id": 78,
        "contract": 3850,
        "name": "Товарищество с ограниченной ответственностью \"КОМЕТА\"",
        "bin": "970540000998",
        "activity": "Административные зданияПроизводственный цех",
        "district": "Турксибский",
        "address": "НАМАНГАНСКАЯ, 43",
        "month_01_m3": 1156.3200000000002,
        "month_02_m3": 682.77,
        "month_03_m3": 1101.78,
        "month_04_m3": 777.42,
        "month_05_m3": 265.9,
        "month_06_m3": 254,
        "avg_monthly_m3": 706.3650000000001,
        "volume_class": "D · <1k",
        "marker_size": 10.32,
        "coord_quality": "source",
        "coord_source": "source_workbook",
        "coord_method": "Исходная координата",
        "needs_review": false,
        "cluster_eligible": true,
        "coord_source_url": "",
        "original_coordinates": "43,344601/76,984745",
        "source_coordinate_count": 1,
        "coord_note": ""
      }
    },
    {
      "type": "Feature",
      "id": "abonent-79",
      "geometry": {
        "type": "Point",
        "coordinates": [
          76.91864,
          43.27861
        ]
      },
      "properties": {
        "row_id": 79,
        "contract": 5123,
        "name": "Товарищество с ограниченной ответственностью \"Алматинский завод торгового оборудования\"",
        "bin": "001040003066",
        "activity": "Административные зданияСклады",
        "district": "Жетысуский",
        "address": "КАЗЫБАЕВА КАКИМЖАНА, 26",
        "month_01_m3": 912,
        "month_02_m3": 1163,
        "month_03_m3": 611,
        "month_04_m3": 545,
        "month_05_m3": 528,
        "month_06_m3": 409,
        "avg_monthly_m3": 694.6666666666666,
        "volume_class": "D · <1k",
        "marker_size": 10.27,
        "coord_quality": "source",
        "coord_source": "source_workbook",
        "coord_method": "Исходная координата",
        "needs_review": false,
        "cluster_eligible": true,
        "coord_source_url": "",
        "original_coordinates": "43,27861/76,91864",
        "source_coordinate_count": 1,
        "coord_note": ""
      }
    },
    {
      "type": "Feature",
      "id": "abonent-80",
      "geometry": {
        "type": "Point",
        "coordinates": [
          76.839061,
          43.251559
        ]
      },
      "properties": {
        "row_id": 80,
        "contract": 537762,
        "name": "Товарищество с ограниченной ответственностью \"Кґркем City Build\"",
        "bin": "210640003138",
        "activity": "Теплицы",
        "district": "Алатауский",
        "address": "РАЙЫМБЕКА , 479/5",
        "month_01_m3": 24,
        "month_02_m3": 2449,
        "month_03_m3": 1543,
        "month_04_m3": 10,
        "month_05_m3": 130.24,
        "month_06_m3": 8,
        "avg_monthly_m3": 694.04,
        "volume_class": "D · <1k",
        "marker_size": 10.27,
        "coord_quality": "high",
        "coord_source": "2gis_address",
        "coord_method": "Адресная карточка 2GIS",
        "needs_review": false,
        "cluster_eligible": true,
        "coord_source_url": "https://2gis.kz/almaty/firm/70000001110001924",
        "original_coordinates": "",
        "source_coordinate_count": 0,
        "coord_note": "Проспект Райымбека, 479/5, Алматы"
      }
    },
    {
      "type": "Feature",
      "id": "abonent-81",
      "geometry": {
        "type": "Point",
        "coordinates": [
          76.957688,
          43.3240885
        ]
      },
      "properties": {
        "row_id": 81,
        "contract": 6029,
        "name": "ТОО \"Ремдортехника\"",
        "bin": "040640001046",
        "activity": "Промышленность",
        "district": "Турксибский",
        "address": "СТАСОВА, 102А",
        "month_01_m3": 697.34,
        "month_02_m3": 820.69,
        "month_03_m3": 509.26,
        "month_04_m3": 804.09,
        "month_05_m3": 789.27,
        "month_06_m3": 521.34,
        "avg_monthly_m3": 690.3316666666666,
        "volume_class": "D · <1k",
        "marker_size": 10.25,
        "coord_quality": "source",
        "coord_source": "source_workbook",
        "coord_method": "Центроид исходных координат",
        "needs_review": false,
        "cluster_eligible": true,
        "coord_source_url": "",
        "original_coordinates": "43,324098/76,957714\n43,324079/76,957662",
        "source_coordinate_count": 2,
        "coord_note": "Центроид 2 исходных точек."
      }
    },
    {
      "type": "Feature",
      "id": "abonent-82",
      "geometry": {
        "type": "Point",
        "coordinates": [
          76.910127,
          43.266982
        ]
      },
      "properties": {
        "row_id": 82,
        "contract": 3004,
        "name": "Акционерное общество \"ЛОТТЕ РАХАТ\"",
        "bin": "920540000128",
        "activity": "Промышленность",
        "district": "Жетысуский",
        "address": "БАЙЗАКОВА, 1А",
        "month_01_m3": 891,
        "month_02_m3": 578,
        "month_03_m3": 622,
        "month_04_m3": 932,
        "month_05_m3": 249,
        "month_06_m3": 808,
        "avg_monthly_m3": 680,
        "volume_class": "D · <1k",
        "marker_size": 10.22,
        "coord_quality": "medium",
        "coord_source": "2gis_nearby_address",
        "coord_method": "Ближайшее здание Байзакова, 1",
        "needs_review": true,
        "cluster_eligible": false,
        "coord_source_url": "https://2gis.kz/almaty/geo/9430047374978237",
        "original_coordinates": "",
        "source_coordinate_count": 0,
        "coord_note": "Корпус 1А отдельно не опубликован."
      }
    },
    {
      "type": "Feature",
      "id": "abonent-83",
      "geometry": {
        "type": "Point",
        "coordinates": [
          76.82883,
          43.332048
        ]
      },
      "properties": {
        "row_id": 83,
        "contract": 521919,
        "name": "Товарищество с ограниченной ответственностью \"Каз-Диа-Тест\"",
        "bin": "980940000679",
        "activity": "Промышленность",
        "district": "Алатауский",
        "address": "АЛГАБАС, УЛ.7, 142/49",
        "month_01_m3": 60.769999999999996,
        "month_02_m3": 128.76,
        "month_03_m3": 66.77,
        "month_04_m3": 61.1,
        "month_05_m3": 2458.77,
        "month_06_m3": 1294.1,
        "avg_monthly_m3": 678.3783333333333,
        "volume_class": "D · <1k",
        "marker_size": 10.21,
        "coord_quality": "high",
        "coord_source": "2gis_address",
        "coord_method": "Адресная карточка 2GIS",
        "needs_review": false,
        "cluster_eligible": true,
        "coord_source_url": "https://2gis.kz/almaty/geo/70030076273371581",
        "original_coordinates": "",
        "source_coordinate_count": 0,
        "coord_note": "7-я улица, 142/49"
      }
    },
    {
      "type": "Feature",
      "id": "abonent-84",
      "geometry": {
        "type": "Point",
        "coordinates": [
          76.95103,
          43.360699
        ]
      },
      "properties": {
        "row_id": 84,
        "contract": 30262,
        "name": "Товарищество с ограниченной ответственностью \"Аврора Холдинг\"",
        "bin": "100940005678",
        "activity": "ОфисыПроизводственный цех",
        "district": "Турксибский",
        "address": "СПАССКАЯ, 68 А",
        "month_01_m3": 853,
        "month_02_m3": 733,
        "month_03_m3": 0,
        "month_04_m3": 1169,
        "month_05_m3": 325,
        "month_06_m3": 732,
        "avg_monthly_m3": 635.3333333333334,
        "volume_class": "D · <1k",
        "marker_size": 10.04,
        "coord_quality": "source",
        "coord_source": "source_workbook",
        "coord_method": "Исходная координата",
        "needs_review": false,
        "cluster_eligible": true,
        "coord_source_url": "",
        "original_coordinates": "43,360699/76,95103",
        "source_coordinate_count": 1,
        "coord_note": ""
      }
    },
    {
      "type": "Feature",
      "id": "abonent-85",
      "geometry": {
        "type": "Point",
        "coordinates": [
          76.978427,
          43.275267
        ]
      },
      "properties": {
        "row_id": 85,
        "contract": 3403,
        "name": "Товарищество с ограниченной ответственностью  \"Лия\"",
        "bin": "941140000922",
        "activity": "ПромышленностьОфисы",
        "district": "Медеуский",
        "address": "КАЗАНСКАЯ, 34",
        "month_01_m3": 551,
        "month_02_m3": 577.7,
        "month_03_m3": 620,
        "month_04_m3": 983,
        "month_05_m3": 505,
        "month_06_m3": 496,
        "avg_monthly_m3": 622.1166666666667,
        "volume_class": "D · <1k",
        "marker_size": 9.99,
        "coord_quality": "source",
        "coord_source": "source_workbook",
        "coord_method": "Исходная координата",
        "needs_review": false,
        "cluster_eligible": true,
        "coord_source_url": "",
        "original_coordinates": "43,275267/76,978427",
        "source_coordinate_count": 1,
        "coord_note": ""
      }
    },
    {
      "type": "Feature",
      "id": "abonent-86",
      "geometry": {
        "type": "Point",
        "coordinates": [
          76.956173,
          43.310514
        ]
      },
      "properties": {
        "row_id": 86,
        "contract": 8131,
        "name": "Товариществло с ограниченной ответственностью \"Экспериментальное предприятие Казахского общества слепых\"",
        "bin": "971040001902",
        "activity": "Административные зданияПроизводственный цех",
        "district": "Турксибский",
        "address": "СУЮНБАЯ, 201",
        "month_01_m3": 438,
        "month_02_m3": 657,
        "month_03_m3": 476,
        "month_04_m3": 778,
        "month_05_m3": 678,
        "month_06_m3": 671,
        "avg_monthly_m3": 616.3333333333334,
        "volume_class": "D · <1k",
        "marker_size": 9.97,
        "coord_quality": "source",
        "coord_source": "source_workbook",
        "coord_method": "Исходная координата",
        "needs_review": false,
        "cluster_eligible": true,
        "coord_source_url": "",
        "original_coordinates": "43,310514/76,956173",
        "source_coordinate_count": 1,
        "coord_note": ""
      }
    },
    {
      "type": "Feature",
      "id": "abonent-87",
      "geometry": {
        "type": "Point",
        "coordinates": [
          76.805901,
          43.323356
        ]
      },
      "properties": {
        "row_id": 87,
        "contract": 525624,
        "name": "Товарищество с ограниченной ответственностью \"Kapital construction\"",
        "bin": "071140000385",
        "activity": "Производственный цех",
        "district": "Алатауский",
        "address": "АЛГАБАС, УЛ.7, уч.142/43",
        "month_01_m3": 0,
        "month_02_m3": 822,
        "month_03_m3": 859,
        "month_04_m3": 558,
        "month_05_m3": 690,
        "month_06_m3": 699,
        "avg_monthly_m3": 604.6666666666666,
        "volume_class": "D · <1k",
        "marker_size": 9.92,
        "coord_quality": "source",
        "coord_source": "source_workbook",
        "coord_method": "Исходная координата",
        "needs_review": false,
        "cluster_eligible": true,
        "coord_source_url": "",
        "original_coordinates": "43,323356/76,805901",
        "source_coordinate_count": 1,
        "coord_note": ""
      }
    },
    {
      "type": "Feature",
      "id": "abonent-88",
      "geometry": {
        "type": "Point",
        "coordinates": [
          76.817108,
          43.192339
        ]
      },
      "properties": {
        "row_id": 88,
        "contract": 18152,
        "name": "Товарищество с ограниченной ответственностью \"Производственная фирма \"Казэнергоцветмет\"",
        "bin": "981240000293",
        "activity": "СТОПроизводственный цех",
        "district": "Наурызбайский",
        "address": "ТАУСАМАЛ, Шынгыс Айтматова 29",
        "month_01_m3": 0,
        "month_02_m3": 0,
        "month_03_m3": 1526.14,
        "month_04_m3": 820,
        "month_05_m3": 549,
        "month_06_m3": 710,
        "avg_monthly_m3": 600.8566666666667,
        "volume_class": "D · <1k",
        "marker_size": 9.9,
        "coord_quality": "high",
        "coord_source": "2gis_company",
        "coord_method": "Карточка предприятия 2GIS",
        "needs_review": false,
        "cluster_eligible": true,
        "coord_source_url": "https://2gis.kz/almaty/firm/70000001083754332",
        "original_coordinates": "",
        "source_coordinate_count": 0,
        "coord_note": "​Улица Айтматова, 29, Алматы​3 филиала"
      }
    },
    {
      "type": "Feature",
      "id": "abonent-89",
      "geometry": {
        "type": "Point",
        "coordinates": [
          76.924019,
          43.290302
        ]
      },
      "properties": {
        "row_id": 89,
        "contract": 524386,
        "name": "Товарищество с ограниченной ответственностью \"Скиф Трейд\"",
        "bin": "020340002288",
        "activity": "Промышленность",
        "district": "Жетысуский",
        "address": "РЫСКУЛОВА , 49 Д",
        "month_01_m3": 1060,
        "month_02_m3": 0,
        "month_03_m3": 1051,
        "month_04_m3": 537,
        "month_05_m3": 391,
        "month_06_m3": 564,
        "avg_monthly_m3": 600.5,
        "volume_class": "D · <1k",
        "marker_size": 9.9,
        "coord_quality": "source",
        "coord_source": "source_workbook",
        "coord_method": "Исходная координата",
        "needs_review": false,
        "cluster_eligible": true,
        "coord_source_url": "",
        "original_coordinates": "43,290302/76,924019",
        "source_coordinate_count": 1,
        "coord_note": ""
      }
    },
    {
      "type": "Feature",
      "id": "abonent-90",
      "geometry": {
        "type": "Point",
        "coordinates": [
          76.916869,
          43.300477
        ]
      },
      "properties": {
        "row_id": 90,
        "contract": 533944,
        "name": "Товарищество с ограниченной ответственностью \"Карина Paper\"",
        "bin": "020940004305",
        "activity": "ОфисыПроизводственный цех",
        "district": "Жетысуский",
        "address": "КАЗЫБАЕВА КАКИМЖАНА, 262",
        "month_01_m3": 317.76,
        "month_02_m3": 567.84,
        "month_03_m3": 0,
        "month_04_m3": 1277.16,
        "month_05_m3": 694.5600000000001,
        "month_06_m3": 672.48,
        "avg_monthly_m3": 588.3000000000001,
        "volume_class": "D · <1k",
        "marker_size": 9.85,
        "coord_quality": "source",
        "coord_source": "source_workbook",
        "coord_method": "Исходная координата",
        "needs_review": false,
        "cluster_eligible": true,
        "coord_source_url": "",
        "original_coordinates": "43,300477/76,916869",
        "source_coordinate_count": 1,
        "coord_note": ""
      }
    },
    {
      "type": "Feature",
      "id": "abonent-91",
      "geometry": {
        "type": "Point",
        "coordinates": [
          76.916708,
          43.280809
        ]
      },
      "properties": {
        "row_id": 91,
        "contract": 525827,
        "name": "Товарищество с ограниченной ответственностью \"KBK Group Corporation\"",
        "bin": "210240006247",
        "activity": "МагазиныОфисыПроизводственный цех",
        "district": "Жетысуский",
        "address": "КАЗЫБАЕВА КАКИМЖАНА, 7/76",
        "month_01_m3": 568.41,
        "month_02_m3": 636.32,
        "month_03_m3": 536.84,
        "month_04_m3": 1032.63,
        "month_05_m3": 623.4300000000001,
        "month_06_m3": 119.19,
        "avg_monthly_m3": 586.1366666666667,
        "volume_class": "D · <1k",
        "marker_size": 9.84,
        "coord_quality": "source",
        "coord_source": "source_workbook",
        "coord_method": "Исходная координата",
        "needs_review": false,
        "cluster_eligible": true,
        "coord_source_url": "",
        "original_coordinates": "43,280809/76,916708",
        "source_coordinate_count": 1,
        "coord_note": ""
      }
    },
    {
      "type": "Feature",
      "id": "abonent-92",
      "geometry": {
        "type": "Point",
        "coordinates": [
          76.92112,
          43.27993
        ]
      },
      "properties": {
        "row_id": 92,
        "contract": 5131,
        "name": "ТОО \"Завод дорожных знаков\"",
        "bin": "060540001690",
        "activity": "Промышленность",
        "district": "Жетысуский",
        "address": "КАЗЫБАЕВА КАКИМЖАНА, 1",
        "month_01_m3": 763,
        "month_02_m3": 926,
        "month_03_m3": 437,
        "month_04_m3": 406,
        "month_05_m3": 622,
        "month_06_m3": 307,
        "avg_monthly_m3": 576.8333333333334,
        "volume_class": "D · <1k",
        "marker_size": 9.8,
        "coord_quality": "source",
        "coord_source": "source_workbook",
        "coord_method": "Исходная координата",
        "needs_review": false,
        "cluster_eligible": true,
        "coord_source_url": "",
        "original_coordinates": "43,27993/76,92112",
        "source_coordinate_count": 1,
        "coord_note": ""
      }
    },
    {
      "type": "Feature",
      "id": "abonent-93",
      "geometry": {
        "type": "Point",
        "coordinates": [
          76.932393,
          43.331373
        ]
      },
      "properties": {
        "row_id": 93,
        "contract": 6310,
        "name": "Товарищество с ограниченной ответственностью \"Компания АйсМастер-Айс Крим\"",
        "bin": "010840001444",
        "activity": "Промышленность",
        "district": "Жетысуский",
        "address": "ЖАНСУГУРОВА ИЛЬЯСА, 482",
        "month_01_m3": 512.4,
        "month_02_m3": 669.78,
        "month_03_m3": 944.89,
        "month_04_m3": 1310.28,
        "month_05_m3": 0,
        "month_06_m3": 0,
        "avg_monthly_m3": 572.8916666666665,
        "volume_class": "D · <1k",
        "marker_size": 9.79,
        "coord_quality": "source",
        "coord_source": "source_workbook",
        "coord_method": "Исходная координата",
        "needs_review": false,
        "cluster_eligible": true,
        "coord_source_url": "",
        "original_coordinates": "43,331373/76,932393",
        "source_coordinate_count": 1,
        "coord_note": ""
      }
    },
    {
      "type": "Feature",
      "id": "abonent-94",
      "geometry": {
        "type": "Point",
        "coordinates": [
          76.914423,
          43.305681
        ]
      },
      "properties": {
        "row_id": 94,
        "contract": 535851,
        "name": "Товарищество с ограниченной ответственностью \"МетСталь\"",
        "bin": "141140013997",
        "activity": "Промышленность",
        "district": "Жетысуский",
        "address": "КАЗЫБАЕВА КАКИМЖАНА, 272В",
        "month_01_m3": 0,
        "month_02_m3": 0,
        "month_03_m3": 606,
        "month_04_m3": 2746,
        "month_05_m3": 0,
        "month_06_m3": 20,
        "avg_monthly_m3": 562,
        "volume_class": "D · <1k",
        "marker_size": 9.74,
        "coord_quality": "high",
        "coord_source": "2gis_company",
        "coord_method": "Карточка предприятия 2GIS",
        "needs_review": false,
        "cluster_eligible": true,
        "coord_source_url": "https://2gis.kz/almaty/firm/70000001114531320",
        "original_coordinates": "",
        "source_coordinate_count": 0,
        "coord_note": "​Улица Казыбаева, 272в, Алматы​2 филиала"
      }
    },
    {
      "type": "Feature",
      "id": "abonent-95",
      "geometry": {
        "type": "Point",
        "coordinates": [
          76.9790756,
          43.3622443
        ]
      },
      "properties": {
        "row_id": 95,
        "contract": 532303,
        "name": "Товарищество с ограниченной ответственностью \"SKbar\"",
        "bin": "190440041414",
        "activity": "Производственный цех",
        "district": "Турксибский",
        "address": "СУЮНБАЯ, 256/3",
        "month_01_m3": 123,
        "month_02_m3": 309,
        "month_03_m3": 230.4,
        "month_04_m3": 75,
        "month_05_m3": 2020.4,
        "month_06_m3": 595,
        "avg_monthly_m3": 558.8000000000001,
        "volume_class": "D · <1k",
        "marker_size": 9.73,
        "coord_quality": "high",
        "coord_source": "nominatim_osm",
        "coord_method": "Точный адрес OpenStreetMap",
        "needs_review": false,
        "cluster_eligible": true,
        "coord_source_url": "https://www.openstreetmap.org/way/1155714553",
        "original_coordinates": "",
        "source_coordinate_count": 0,
        "coord_note": "256/3, Проспект Суюнбая, Курмыш, Турксибский район, Алматы, 050049, Казахстан"
      }
    },
    {
      "type": "Feature",
      "id": "abonent-96",
      "geometry": {
        "type": "Point",
        "coordinates": [
          76.805901,
          43.323356
        ]
      },
      "properties": {
        "row_id": 96,
        "contract": 17597,
        "name": "Товарищество с ограниченной ответственностью \"Энергетическая Компания\"",
        "bin": "960940000556",
        "activity": "СкладыПроизводственный цех",
        "district": "Алатауский",
        "address": "АЛГАБАС, ул. 7, уч 130/2,,,",
        "month_01_m3": 218,
        "month_02_m3": 667,
        "month_03_m3": 732,
        "month_04_m3": 115,
        "month_05_m3": 669,
        "month_06_m3": 897,
        "avg_monthly_m3": 549.6666666666666,
        "volume_class": "D · <1k",
        "marker_size": 9.69,
        "coord_quality": "source",
        "coord_source": "source_workbook",
        "coord_method": "Исходная координата",
        "needs_review": false,
        "cluster_eligible": true,
        "coord_source_url": "",
        "original_coordinates": "43,323356/76,805901",
        "source_coordinate_count": 1,
        "coord_note": ""
      }
    },
    {
      "type": "Feature",
      "id": "abonent-97",
      "geometry": {
        "type": "Point",
        "coordinates": [
          76.95103,
          43.360699
        ]
      },
      "properties": {
        "row_id": 97,
        "contract": 6656,
        "name": "Товарищество с ограниченной ответственностью \"Абзалы и К\"",
        "bin": "010540002293",
        "activity": "Промышленность",
        "district": "Турксибский",
        "address": "СПАССКАЯ, 68",
        "month_01_m3": 770.59,
        "month_02_m3": 0,
        "month_03_m3": 850.22,
        "month_04_m3": 158.69,
        "month_05_m3": 973.14,
        "month_06_m3": 526.12,
        "avg_monthly_m3": 546.4599999999999,
        "volume_class": "D · <1k",
        "marker_size": 9.68,
        "coord_quality": "source",
        "coord_source": "source_workbook",
        "coord_method": "Исходная координата",
        "needs_review": false,
        "cluster_eligible": true,
        "coord_source_url": "",
        "original_coordinates": "43,360699/76,95103",
        "source_coordinate_count": 1,
        "coord_note": ""
      }
    },
    {
      "type": "Feature",
      "id": "abonent-98",
      "geometry": {
        "type": "Point",
        "coordinates": [
          76.96381,
          43.362312
        ]
      },
      "properties": {
        "row_id": 98,
        "contract": 529821,
        "name": "Товарищество с ограниченной ответственностью \"Алтын Балыќтар\"",
        "bin": "180140012755",
        "activity": "Производственный цех",
        "district": "Турксибский",
        "address": "БАРТОЛЬДА, 157",
        "month_01_m3": 461,
        "month_02_m3": 759,
        "month_03_m3": 332,
        "month_04_m3": 333,
        "month_05_m3": 378,
        "month_06_m3": 970,
        "avg_monthly_m3": 538.8333333333334,
        "volume_class": "D · <1k",
        "marker_size": 9.64,
        "coord_quality": "source",
        "coord_source": "source_workbook",
        "coord_method": "Исходная координата",
        "needs_review": false,
        "cluster_eligible": true,
        "coord_source_url": "",
        "original_coordinates": "43,362312/76,96381",
        "source_coordinate_count": 1,
        "coord_note": ""
      }
    },
    {
      "type": "Feature",
      "id": "abonent-99",
      "geometry": {
        "type": "Point",
        "coordinates": [
          76.889709,
          43.238949
        ]
      },
      "properties": {
        "row_id": 99,
        "contract": 50222,
        "name": "Физическое лицо Огай Рысты Урстемовна",
        "bin": "750219401388",
        "activity": "Швейный цехОбщежитие",
        "district": "Жетысуский",
        "address": "ДЖЕТЫСУЙСКАЯ, 101 А",
        "month_01_m3": 433,
        "month_02_m3": 672,
        "month_03_m3": 443,
        "month_04_m3": 561,
        "month_05_m3": 600,
        "month_06_m3": 513,
        "avg_monthly_m3": 537,
        "volume_class": "D · <1k",
        "marker_size": 9.63,
        "coord_quality": "low",
        "coord_source": "district_median",
        "coord_method": "Медиана подтверждённых точек района",
        "needs_review": true,
        "cluster_eligible": false,
        "coord_source_url": "",
        "original_coordinates": "",
        "source_coordinate_count": 0,
        "coord_note": "Точный адрес не найден; точка исключена из кластеризации."
      }
    },
    {
      "type": "Feature",
      "id": "abonent-100",
      "geometry": {
        "type": "Point",
        "coordinates": [
          76.8426884,
          43.2728165
        ]
      },
      "properties": {
        "row_id": 100,
        "contract": 525942,
        "name": "Товарищество с ограниченной ответственностью \"ФИРМА\"К-АЛМА\"",
        "bin": "980540000327",
        "activity": "Производственный цех",
        "district": "Турксибский",
        "address": "СТЕПНАЯ, 10",
        "month_01_m3": 282,
        "month_02_m3": 331,
        "month_03_m3": 865,
        "month_04_m3": 595,
        "month_05_m3": 572,
        "month_06_m3": 543,
        "avg_monthly_m3": 531.3333333333334,
        "volume_class": "D · <1k",
        "marker_size": 9.61,
        "coord_quality": "high",
        "coord_source": "nominatim_osm",
        "coord_method": "Точный адрес OpenStreetMap",
        "needs_review": false,
        "cluster_eligible": true,
        "coord_source_url": "https://www.openstreetmap.org/way/770619644",
        "original_coordinates": "",
        "source_coordinate_count": 0,
        "coord_note": "10, улица Степная, Айгерим-1, АДК, Алатауский район, Алматы, 050047, Казахстан"
      }
    },
    {
      "type": "Feature",
      "id": "abonent-101",
      "geometry": {
        "type": "Point",
        "coordinates": [
          76.920608,
          43.380688
        ]
      },
      "properties": {
        "row_id": 101,
        "contract": 526186,
        "name": "Индивидуальный предприниматель Портянкин Георгий Валерьевич",
        "bin": "890708300607",
        "activity": "Промышленность",
        "district": "Илийский",
        "address": "МУХАМЕТЖАН ТУЙМЕНБАЕВА, ПРОМЫШЛЕННАЯ ЗОНА, 348",
        "month_01_m3": 511,
        "month_02_m3": 443,
        "month_03_m3": 574,
        "month_04_m3": 0,
        "month_05_m3": 876,
        "month_06_m3": 698,
        "avg_monthly_m3": 517,
        "volume_class": "D · <1k",
        "marker_size": 9.55,
        "coord_quality": "high",
        "coord_source": "2gis_address",
        "coord_method": "Адресная карточка 2GIS",
        "needs_review": false,
        "cluster_eligible": true,
        "coord_source_url": "https://2gis.kz/almaty/geo/70030076598334306",
        "original_coordinates": "",
        "source_coordinate_count": 0,
        "coord_note": "Первомайская промышленная зона, 348"
      }
    },
    {
      "type": "Feature",
      "id": "abonent-102",
      "geometry": {
        "type": "Point",
        "coordinates": [
          76.931332,
          43.269071
        ]
      },
      "properties": {
        "row_id": 102,
        "contract": 5478,
        "name": "ТОО \"Жылы\"",
        "bin": "930740000395",
        "activity": "Промышленность",
        "district": "Алмалинский",
        "address": "СЕЙФУЛЛИНА, 402",
        "month_01_m3": 543,
        "month_02_m3": 503,
        "month_03_m3": 440,
        "month_04_m3": 435,
        "month_05_m3": 413,
        "month_06_m3": 699.3000000000001,
        "avg_monthly_m3": 505.55,
        "volume_class": "D · <1k",
        "marker_size": 9.5,
        "coord_quality": "source",
        "coord_source": "source_workbook",
        "coord_method": "Исходная координата",
        "needs_review": false,
        "cluster_eligible": true,
        "coord_source_url": "",
        "original_coordinates": "43,269071/76,931332",
        "source_coordinate_count": 1,
        "coord_note": ""
      }
    },
    {
      "type": "Feature",
      "id": "abonent-103",
      "geometry": {
        "type": "Point",
        "coordinates": [
          76.961412,
          43.327411
        ]
      },
      "properties": {
        "row_id": 103,
        "contract": 6119,
        "name": "Акционерное Общество \"Корпорация Алтын Диiрмен\"",
        "bin": "920740000998",
        "activity": "Промышленность",
        "district": "Турксибский",
        "address": "СУЮНБАЯ, 263",
        "month_01_m3": 469,
        "month_02_m3": 392,
        "month_03_m3": 360,
        "month_04_m3": 1332,
        "month_05_m3": 87,
        "month_06_m3": 370,
        "avg_monthly_m3": 501.6666666666667,
        "volume_class": "D · <1k",
        "marker_size": 9.48,
        "coord_quality": "source",
        "coord_source": "source_workbook",
        "coord_method": "Исходная координата",
        "needs_review": false,
        "cluster_eligible": true,
        "coord_source_url": "",
        "original_coordinates": "43,327411/76,961412",
        "source_coordinate_count": 1,
        "coord_note": ""
      }
    },
    {
      "type": "Feature",
      "id": "abonent-104",
      "geometry": {
        "type": "Point",
        "coordinates": [
          76.953808,
          43.299726
        ]
      },
      "properties": {
        "row_id": 104,
        "contract": 8167,
        "name": "ТОО \"Бат\"",
        "bin": "000240006699",
        "activity": "Промышленность",
        "district": "Турксибский",
        "address": "РУСТАВЕЛИ, 3",
        "month_01_m3": 409,
        "month_02_m3": 494,
        "month_03_m3": 466,
        "month_04_m3": 482,
        "month_05_m3": 540,
        "month_06_m3": 594,
        "avg_monthly_m3": 497.5,
        "volume_class": "D · <1k",
        "marker_size": 9.46,
        "coord_quality": "source",
        "coord_source": "source_workbook",
        "coord_method": "Исходная координата",
        "needs_review": false,
        "cluster_eligible": true,
        "coord_source_url": "",
        "original_coordinates": "43,299726/76,953808",
        "source_coordinate_count": 1,
        "coord_note": ""
      }
    },
    {
      "type": "Feature",
      "id": "abonent-105",
      "geometry": {
        "type": "Point",
        "coordinates": [
          76.981092,
          43.35355
        ]
      },
      "properties": {
        "row_id": 105,
        "contract": 6073,
        "name": "Товарищество с ограниченной ответственностью \"Алматыэнергосервис\"",
        "bin": "070940020277",
        "activity": "Административные зданияПроизводственный цех",
        "district": "Турксибский",
        "address": "КРАСНОГВАРДЕЙСКИЙ , 481 Е",
        "month_01_m3": 460,
        "month_02_m3": 463,
        "month_03_m3": 552,
        "month_04_m3": 463,
        "month_05_m3": 517,
        "month_06_m3": 508,
        "avg_monthly_m3": 493.8333333333333,
        "volume_class": "D · <1k",
        "marker_size": 9.44,
        "coord_quality": "source",
        "coord_source": "source_workbook",
        "coord_method": "Исходная координата",
        "needs_review": false,
        "cluster_eligible": true,
        "coord_source_url": "",
        "original_coordinates": "43,35355/76,981092",
        "source_coordinate_count": 1,
        "coord_note": ""
      }
    },
    {
      "type": "Feature",
      "id": "abonent-106",
      "geometry": {
        "type": "Point",
        "coordinates": [
          76.940113,
          43.290111
        ]
      },
      "properties": {
        "row_id": 106,
        "contract": 15174,
        "name": "Товарищество с ограниченной ответственностью \"БиАна и К\"",
        "bin": "050840008459",
        "activity": "Швейный цехОфисыПроизводственный цех",
        "district": "Жетысуский",
        "address": "СЕЙФУЛЛИНА, 287",
        "month_01_m3": 466,
        "month_02_m3": 462,
        "month_03_m3": 451,
        "month_04_m3": 450,
        "month_05_m3": 528,
        "month_06_m3": 589.0500000000001,
        "avg_monthly_m3": 491.0083333333334,
        "volume_class": "D · <1k",
        "marker_size": 9.43,
        "coord_quality": "source",
        "coord_source": "source_workbook",
        "coord_method": "Исходная координата",
        "needs_review": false,
        "cluster_eligible": true,
        "coord_source_url": "",
        "original_coordinates": "43,290111/76,940113",
        "source_coordinate_count": 1,
        "coord_note": ""
      }
    },
    {
      "type": "Feature",
      "id": "abonent-107",
      "geometry": {
        "type": "Point",
        "coordinates": [
          76.804354,
          43.297931
        ]
      },
      "properties": {
        "row_id": 107,
        "contract": 522788,
        "name": "Товарищество с ограниченной ответственностью \"СК Рахат\"",
        "bin": "080840002693",
        "activity": "Промышленность",
        "district": "Алатауский",
        "address": "АЛГАБАС, УЛ.7, 130/5",
        "month_01_m3": 304,
        "month_02_m3": 529,
        "month_03_m3": 284,
        "month_04_m3": 626,
        "month_05_m3": 443,
        "month_06_m3": 746,
        "avg_monthly_m3": 488.6666666666667,
        "volume_class": "D · <1k",
        "marker_size": 9.42,
        "coord_quality": "source",
        "coord_source": "source_workbook",
        "coord_method": "Исходная координата",
        "needs_review": false,
        "cluster_eligible": true,
        "coord_source_url": "",
        "original_coordinates": "43,297931/76,804354",
        "source_coordinate_count": 1,
        "coord_note": ""
      }
    },
    {
      "type": "Feature",
      "id": "abonent-108",
      "geometry": {
        "type": "Point",
        "coordinates": [
          76.863363,
          43.2384795
        ]
      },
      "properties": {
        "row_id": 108,
        "contract": 1777,
        "name": "Товарищество с ограниченной ответственностью \"Vita Bottlers Казахстан\"",
        "bin": "090440020619",
        "activity": "Напитки",
        "district": "Ауэзовский",
        "address": "УТЕГЕН БАТЫРА, 112а",
        "month_01_m3": 505.46,
        "month_02_m3": 523.55,
        "month_03_m3": 665.45,
        "month_04_m3": 371.41,
        "month_05_m3": 296.1,
        "month_06_m3": 466.76,
        "avg_monthly_m3": 471.4549999999999,
        "volume_class": "D · <1k",
        "marker_size": 9.34,
        "coord_quality": "source",
        "coord_source": "source_workbook",
        "coord_method": "Центроид исходных координат",
        "needs_review": false,
        "cluster_eligible": true,
        "coord_source_url": "",
        "original_coordinates": "43,238501/76,863373\n43,238458/76,863353",
        "source_coordinate_count": 2,
        "coord_note": "Центроид 2 исходных точек."
      }
    },
    {
      "type": "Feature",
      "id": "abonent-109",
      "geometry": {
        "type": "Point",
        "coordinates": [
          77.005667,
          43.34926
        ]
      },
      "properties": {
        "row_id": 109,
        "contract": 16915,
        "name": "Товарищество с ограниченной ответственностью \"ЖаниК\"",
        "bin": "930440000836",
        "activity": "ОфисыПроизводственный цех",
        "district": "Турксибский",
        "address": "ЗАКАРПАТСКАЯ, 20",
        "month_01_m3": 602.44,
        "month_02_m3": 452.6,
        "month_03_m3": 357.92,
        "month_04_m3": 531.39,
        "month_05_m3": 484.06,
        "month_06_m3": 375.06,
        "avg_monthly_m3": 467.24499999999995,
        "volume_class": "D · <1k",
        "marker_size": 9.32,
        "coord_quality": "source",
        "coord_source": "source_workbook",
        "coord_method": "Исходная координата",
        "needs_review": false,
        "cluster_eligible": true,
        "coord_source_url": "",
        "original_coordinates": "43,34926/77,005667",
        "source_coordinate_count": 1,
        "coord_note": ""
      }
    },
    {
      "type": "Feature",
      "id": "abonent-110",
      "geometry": {
        "type": "Point",
        "coordinates": [
          76.9540659,
          43.30081
        ]
      },
      "properties": {
        "row_id": 110,
        "contract": 5265,
        "name": "ТОО \"Корпорация \"Астана-Стройинвест\"",
        "bin": "000740002447",
        "activity": "Промышленность",
        "district": "Турксибский",
        "address": "РУСТАВЕЛИ, 2",
        "month_01_m3": 502,
        "month_02_m3": 499,
        "month_03_m3": 386,
        "month_04_m3": 828,
        "month_05_m3": 570,
        "month_06_m3": 0,
        "avg_monthly_m3": 464.1666666666667,
        "volume_class": "D · <1k",
        "marker_size": 9.31,
        "coord_quality": "high",
        "coord_source": "nominatim_osm",
        "coord_method": "Точный адрес OpenStreetMap",
        "needs_review": false,
        "cluster_eligible": true,
        "coord_source_url": "https://www.openstreetmap.org/way/253616988",
        "original_coordinates": "",
        "source_coordinate_count": 0,
        "coord_note": "2, улица Руставели, Турксибский район, Алматы, 050056, Казахстан"
      }
    },
    {
      "type": "Feature",
      "id": "abonent-111",
      "geometry": {
        "type": "Point",
        "coordinates": [
          76.976021,
          43.287502
        ]
      },
      "properties": {
        "row_id": 111,
        "contract": 540205,
        "name": "Товарищество с ограниченной ответственностью  завод \"ATEX\"",
        "bin": "230240032834",
        "activity": "Производственный цех",
        "district": "Медеуский",
        "address": "ХАЛИУЛИНА, 32",
        "month_01_m3": 0,
        "month_02_m3": 0,
        "month_03_m3": 0,
        "month_04_m3": 1369,
        "month_05_m3": 829,
        "month_06_m3": 558,
        "avg_monthly_m3": 459.3333333333333,
        "volume_class": "D · <1k",
        "marker_size": 9.29,
        "coord_quality": "source",
        "coord_source": "source_workbook",
        "coord_method": "Исходная координата",
        "needs_review": false,
        "cluster_eligible": true,
        "coord_source_url": "",
        "original_coordinates": "43,287502/76,976021",
        "source_coordinate_count": 1,
        "coord_note": ""
      }
    },
    {
      "type": "Feature",
      "id": "abonent-112",
      "geometry": {
        "type": "Point",
        "coordinates": [
          76.968782,
          43.351568
        ]
      },
      "properties": {
        "row_id": 112,
        "contract": 9025,
        "name": "Товарищество с ограниченной ответственностью \"QazHim\"",
        "bin": "170540017461",
        "activity": "Административные зданияСкладыПроизводственный цех",
        "district": "Турксибский",
        "address": "БЕКМАХАНОВА, 94",
        "month_01_m3": 749,
        "month_02_m3": 244,
        "month_03_m3": 591,
        "month_04_m3": 323.5,
        "month_05_m3": 271.5,
        "month_06_m3": 571.7,
        "avg_monthly_m3": 458.45,
        "volume_class": "D · <1k",
        "marker_size": 9.28,
        "coord_quality": "source",
        "coord_source": "source_workbook",
        "coord_method": "Исходная координата",
        "needs_review": false,
        "cluster_eligible": true,
        "coord_source_url": "",
        "original_coordinates": "43,351568/76,968782",
        "source_coordinate_count": 1,
        "coord_note": ""
      }
    },
    {
      "type": "Feature",
      "id": "abonent-113",
      "geometry": {
        "type": "Point",
        "coordinates": [
          76.884618,
          43.243575
        ]
      },
      "properties": {
        "row_id": 113,
        "contract": 538088,
        "name": "Индивидуальный предприниматель \"YRYS\"",
        "bin": "641106301723",
        "activity": "Автомойка самообслуживанияПромышленность",
        "district": "Алмалинский",
        "address": "ул.Ислам Каримов, 164",
        "month_01_m3": 1100.1200000000001,
        "month_02_m3": 331,
        "month_03_m3": 265.33,
        "month_04_m3": 315.99,
        "month_05_m3": 427.46000000000004,
        "month_06_m3": 299.16,
        "avg_monthly_m3": 456.51,
        "volume_class": "D · <1k",
        "marker_size": 9.27,
        "coord_quality": "source",
        "coord_source": "source_workbook",
        "coord_method": "Исходная координата",
        "needs_review": false,
        "cluster_eligible": true,
        "coord_source_url": "",
        "original_coordinates": "43,243575/76,884618",
        "source_coordinate_count": 1,
        "coord_note": ""
      }
    },
    {
      "type": "Feature",
      "id": "abonent-114",
      "geometry": {
        "type": "Point",
        "coordinates": [
          76.937903,
          43.311887
        ]
      },
      "properties": {
        "row_id": 114,
        "contract": 533004,
        "name": "Товарищество с ограниченной ответственностью \"Мясоперерабатывающий завод БИЖАН\"",
        "bin": "110140005640",
        "activity": "Производственный цех",
        "district": "Турксибский",
        "address": "ДУЛАТОВА МЫРЖАКЫПА, 66",
        "month_01_m3": 18,
        "month_02_m3": 0,
        "month_03_m3": 1905,
        "month_04_m3": 361,
        "month_05_m3": 0,
        "month_06_m3": 447,
        "avg_monthly_m3": 455.1666666666667,
        "volume_class": "D · <1k",
        "marker_size": 9.27,
        "coord_quality": "high",
        "coord_source": "2gis_targeted",
        "coord_method": "Адресная карточка 2GIS",
        "needs_review": false,
        "cluster_eligible": true,
        "coord_source_url": "https://2gis.kz/almaty/geo/9430047375052579",
        "original_coordinates": "",
        "source_coordinate_count": 0,
        "coord_note": "Улица Дулатова, 66"
      }
    },
    {
      "type": "Feature",
      "id": "abonent-115",
      "geometry": {
        "type": "Point",
        "coordinates": [
          76.867799,
          43.273807
        ]
      },
      "properties": {
        "row_id": 115,
        "contract": 529286,
        "name": "Физическое лицо Карибжанова Анар Калкамановна",
        "bin": "751123401834",
        "activity": "Производственный цех",
        "district": "Алатауский",
        "address": "р-н Алатауский, мкр. Самгау, ул. Аршалы , 58/3",
        "month_01_m3": 60,
        "month_02_m3": 2053,
        "month_03_m3": 74,
        "month_04_m3": 0,
        "month_05_m3": 381,
        "month_06_m3": 115,
        "avg_monthly_m3": 447.1666666666667,
        "volume_class": "D · <1k",
        "marker_size": 9.23,
        "coord_quality": "high",
        "coord_source": "2gis_address",
        "coord_method": "Адресная карточка 2GIS",
        "needs_review": false,
        "cluster_eligible": true,
        "coord_source_url": "https://2gis.kz/almaty/geo/9430047375182779",
        "original_coordinates": "",
        "source_coordinate_count": 0,
        "coord_note": "Улица Аршалы, 58/3"
      }
    },
    {
      "type": "Feature",
      "id": "abonent-116",
      "geometry": {
        "type": "Point",
        "coordinates": [
          76.98084,
          43.362112
        ]
      },
      "properties": {
        "row_id": 116,
        "contract": 523345,
        "name": "Товарищество с ограниченной ответственностью \"Global Rental\"",
        "bin": "200640005707",
        "activity": "Производственный цех",
        "district": "Турксибский",
        "address": "СУЮНБАЯ, 222А",
        "month_01_m3": 1512,
        "month_02_m3": 426,
        "month_03_m3": 555,
        "month_04_m3": 23,
        "month_05_m3": 23,
        "month_06_m3": 129,
        "avg_monthly_m3": 444.6666666666667,
        "volume_class": "D · <1k",
        "marker_size": 9.22,
        "coord_quality": "source",
        "coord_source": "source_workbook",
        "coord_method": "Исходная координата",
        "needs_review": false,
        "cluster_eligible": true,
        "coord_source_url": "",
        "original_coordinates": "43,362112/76,98084",
        "source_coordinate_count": 1,
        "coord_note": ""
      }
    },
    {
      "type": "Feature",
      "id": "abonent-117",
      "geometry": {
        "type": "Point",
        "coordinates": [
          76.958369,
          43.270536
        ]
      },
      "properties": {
        "row_id": 117,
        "contract": 8077,
        "name": "Товарищество с ограниченной ответственностью \"Компания Жар-Су\"",
        "bin": "030440005456",
        "activity": "Промышленность",
        "district": "Медеуский",
        "address": "ЖАНГИЛЬДИНА, 31",
        "month_01_m3": 326.53,
        "month_02_m3": 363.34000000000003,
        "month_03_m3": 334.36,
        "month_04_m3": 421.61,
        "month_05_m3": 351.71000000000004,
        "month_06_m3": 749.9100000000001,
        "avg_monthly_m3": 424.57666666666665,
        "volume_class": "D · <1k",
        "marker_size": 9.12,
        "coord_quality": "source",
        "coord_source": "source_workbook",
        "coord_method": "Исходная координата",
        "needs_review": false,
        "cluster_eligible": true,
        "coord_source_url": "",
        "original_coordinates": "43,270536/76,958369",
        "source_coordinate_count": 1,
        "coord_note": ""
      }
    },
    {
      "type": "Feature",
      "id": "abonent-118",
      "geometry": {
        "type": "Point",
        "coordinates": [
          76.845471,
          43.242492
        ]
      },
      "properties": {
        "row_id": 118,
        "contract": 7290,
        "name": "Товарищество с ограниченной ответственностью \"Игилик и К\"",
        "bin": "000840000296",
        "activity": "СкладыПроизводственный цех",
        "district": "Ауэзовский",
        "address": "ТОЛЕ БИ, 304",
        "month_01_m3": 451,
        "month_02_m3": 531,
        "month_03_m3": 415,
        "month_04_m3": 501,
        "month_05_m3": 235,
        "month_06_m3": 414,
        "avg_monthly_m3": 424.5,
        "volume_class": "D · <1k",
        "marker_size": 9.12,
        "coord_quality": "source",
        "coord_source": "source_workbook",
        "coord_method": "Исходная координата",
        "needs_review": false,
        "cluster_eligible": true,
        "coord_source_url": "",
        "original_coordinates": "43,242492/76,845471",
        "source_coordinate_count": 1,
        "coord_note": ""
      }
    },
    {
      "type": "Feature",
      "id": "abonent-119",
      "geometry": {
        "type": "Point",
        "coordinates": [
          76.898427,
          43.299909
        ]
      },
      "properties": {
        "row_id": 119,
        "contract": 5239,
        "name": "Акционерное общество \"Келет\"",
        "bin": "921040000727",
        "activity": "МагазиныСкладыОфисы",
        "district": "Жетысуский",
        "address": "БОКЕЙХАНОВА АЛИХАНА, 233",
        "month_01_m3": 364,
        "month_02_m3": 496,
        "month_03_m3": 362,
        "month_04_m3": 469,
        "month_05_m3": 250,
        "month_06_m3": 598,
        "avg_monthly_m3": 423.1666666666667,
        "volume_class": "D · <1k",
        "marker_size": 9.11,
        "coord_quality": "source",
        "coord_source": "source_workbook",
        "coord_method": "Исходная координата",
        "needs_review": false,
        "cluster_eligible": true,
        "coord_source_url": "",
        "original_coordinates": "43,299909/76,898427",
        "source_coordinate_count": 1,
        "coord_note": ""
      }
    },
    {
      "type": "Feature",
      "id": "abonent-120",
      "geometry": {
        "type": "Point",
        "coordinates": [
          76.88253,
          43.269038
        ]
      },
      "properties": {
        "row_id": 120,
        "contract": 1058,
        "name": "Товарищество с ограниченной ответственность \"Алматинский завод Электрощит\"",
        "bin": "030240001298",
        "activity": "Производственный цех",
        "district": "Алатауский",
        "address": "СОКПАКБАЕВА, 71",
        "month_01_m3": 450.69,
        "month_02_m3": 517.95,
        "month_03_m3": 308.89,
        "month_04_m3": 458.33000000000004,
        "month_05_m3": 385.57,
        "month_06_m3": 394.16,
        "avg_monthly_m3": 419.26500000000004,
        "volume_class": "D · <1k",
        "marker_size": 9.1,
        "coord_quality": "source",
        "coord_source": "source_workbook",
        "coord_method": "Исходная координата",
        "needs_review": false,
        "cluster_eligible": true,
        "coord_source_url": "",
        "original_coordinates": "43,269038/76,88253",
        "source_coordinate_count": 1,
        "coord_note": ""
      }
    },
    {
      "type": "Feature",
      "id": "abonent-121",
      "geometry": {
        "type": "Point",
        "coordinates": [
          76.919304,
          43.289009
        ]
      },
      "properties": {
        "row_id": 121,
        "contract": 15019,
        "name": "Физическое лицо Пящик Елена Владимировна",
        "bin": "851108400439",
        "activity": "Административные зданияПромышленность",
        "district": "Жетысуский",
        "address": "КАЗЫБАЕВА КАКИМЖАНА, 61А",
        "month_01_m3": 460,
        "month_02_m3": 605,
        "month_03_m3": 835,
        "month_04_m3": 349,
        "month_05_m3": 131,
        "month_06_m3": 135,
        "avg_monthly_m3": 419.1666666666667,
        "volume_class": "D · <1k",
        "marker_size": 9.09,
        "coord_quality": "source",
        "coord_source": "source_workbook",
        "coord_method": "Исходная координата",
        "needs_review": false,
        "cluster_eligible": true,
        "coord_source_url": "",
        "original_coordinates": "43,289009/76,919304",
        "source_coordinate_count": 1,
        "coord_note": ""
      }
    },
    {
      "type": "Feature",
      "id": "abonent-122",
      "geometry": {
        "type": "Point",
        "coordinates": [
          76.854289,
          43.241125
        ]
      },
      "properties": {
        "row_id": 122,
        "contract": 7013,
        "name": "Товарищество с ограниченной ответственностью \"Нур Резина\"",
        "bin": "030840007586",
        "activity": "ПромышленностьСкладыОфисы",
        "district": "Ауэзовский",
        "address": "УТЕГЕН БАТЫРА, 15",
        "month_01_m3": 540,
        "month_02_m3": 749,
        "month_03_m3": 553,
        "month_04_m3": 359,
        "month_05_m3": 177,
        "month_06_m3": 110,
        "avg_monthly_m3": 414.6666666666667,
        "volume_class": "D · <1k",
        "marker_size": 9.07,
        "coord_quality": "source",
        "coord_source": "source_workbook",
        "coord_method": "Исходная координата",
        "needs_review": false,
        "cluster_eligible": true,
        "coord_source_url": "",
        "original_coordinates": "43,241125/76,854289",
        "source_coordinate_count": 1,
        "coord_note": ""
      }
    },
    {
      "type": "Feature",
      "id": "abonent-123",
      "geometry": {
        "type": "Point",
        "coordinates": [
          76.905475,
          43.303178
        ]
      },
      "properties": {
        "row_id": 123,
        "contract": 2399,
        "name": "Товарищество с ограниченной ответственностью \"АЛСИ Управление активами\"",
        "bin": "130340000551",
        "activity": "Производственный цех",
        "district": "Жетысуский",
        "address": "АНГАРСКАЯ, 105а",
        "month_01_m3": 345.12,
        "month_02_m3": 472.32,
        "month_03_m3": 395.52,
        "month_04_m3": 465.12,
        "month_05_m3": 331.68,
        "month_06_m3": 413.76,
        "avg_monthly_m3": 403.92,
        "volume_class": "D · <1k",
        "marker_size": 9.02,
        "coord_quality": "source",
        "coord_source": "source_workbook",
        "coord_method": "Исходная координата",
        "needs_review": false,
        "cluster_eligible": true,
        "coord_source_url": "",
        "original_coordinates": "43,303178/76,905475",
        "source_coordinate_count": 1,
        "coord_note": ""
      }
    },
    {
      "type": "Feature",
      "id": "abonent-124",
      "geometry": {
        "type": "Point",
        "coordinates": [
          76.921814,
          43.272069
        ]
      },
      "properties": {
        "row_id": 124,
        "contract": 5170,
        "name": "Товарищество с ограниченной ответственностью \"Казлегпром-Алматы\"",
        "bin": "110240017886",
        "activity": "Швейный цехАдминистративные зданияСтоловая",
        "district": "Жетысуский",
        "address": "ПРОМЫШЛЕННАЯ, 15",
        "month_01_m3": 213,
        "month_02_m3": 441,
        "month_03_m3": 265,
        "month_04_m3": 475,
        "month_05_m3": 416,
        "month_06_m3": 580,
        "avg_monthly_m3": 398.3333333333333,
        "volume_class": "D · <1k",
        "marker_size": 8.99,
        "coord_quality": "medium",
        "coord_source": "2gis_company",
        "coord_method": "Карточка предприятия 2GIS",
        "needs_review": true,
        "cluster_eligible": false,
        "coord_source_url": "https://2gis.kz/almaty/firm/9429940001302984",
        "original_coordinates": "",
        "source_coordinate_count": 0,
        "coord_note": "Компания и номер дома совпали; название улицы в источнике изменилось."
      }
    },
    {
      "type": "Feature",
      "id": "abonent-125",
      "geometry": {
        "type": "Point",
        "coordinates": [
          77.005794,
          43.363934
        ]
      },
      "properties": {
        "row_id": 125,
        "contract": 529373,
        "name": "Товарищество с ограниченной ответственностью \"DAMIANI\"",
        "bin": "110140014560",
        "activity": "ПромышленностьОфисы",
        "district": "Турксибский",
        "address": "АЛЬМЕРЕК, бейбитшилик 6",
        "month_01_m3": 298.8,
        "month_02_m3": 179,
        "month_03_m3": 147,
        "month_04_m3": 629,
        "month_05_m3": 362,
        "month_06_m3": 764,
        "avg_monthly_m3": 396.6333333333334,
        "volume_class": "D · <1k",
        "marker_size": 8.98,
        "coord_quality": "source",
        "coord_source": "source_workbook",
        "coord_method": "Исходная координата",
        "needs_review": false,
        "cluster_eligible": true,
        "coord_source_url": "",
        "original_coordinates": "43,363934/77,005794",
        "source_coordinate_count": 1,
        "coord_note": ""
      }
    },
    {
      "type": "Feature",
      "id": "abonent-126",
      "geometry": {
        "type": "Point",
        "coordinates": [
          76.9775611,
          43.3607722
        ]
      },
      "properties": {
        "row_id": 126,
        "contract": 6617,
        "name": "Физическое лицо Асатов Нейла Асановна",
        "bin": "670329401507",
        "activity": "Производственный цех",
        "district": "Турксибский",
        "address": "СУЮНБАЯ, 190 Г",
        "month_01_m3": 443,
        "month_02_m3": 605,
        "month_03_m3": 349,
        "month_04_m3": 428,
        "month_05_m3": 193,
        "month_06_m3": 307,
        "avg_monthly_m3": 387.5,
        "volume_class": "D · <1k",
        "marker_size": 8.94,
        "coord_quality": "high",
        "coord_source": "nominatim_osm",
        "coord_method": "Точный адрес OpenStreetMap",
        "needs_review": false,
        "cluster_eligible": true,
        "coord_source_url": "https://www.openstreetmap.org/way/1155732239",
        "original_coordinates": "",
        "source_coordinate_count": 0,
        "coord_note": "190г, Проспект Суюнбая, Курмыш, Турксибский район, Алматы, 050049, Казахстан"
      }
    },
    {
      "type": "Feature",
      "id": "abonent-127",
      "geometry": {
        "type": "Point",
        "coordinates": [
          76.860411,
          43.252358
        ]
      },
      "properties": {
        "row_id": 127,
        "contract": 528683,
        "name": "Товарищество с ограниченной ответственностью \"BEAG Development\"",
        "bin": "131240013750",
        "activity": "ОфисыПроизводственный цех",
        "district": "Ауэзовский",
        "address": "РАЙЫМБЕКА , 348/7",
        "month_01_m3": 857.49,
        "month_02_m3": 158.63,
        "month_03_m3": 206.78,
        "month_04_m3": 375.03000000000003,
        "month_05_m3": 277,
        "month_06_m3": 406,
        "avg_monthly_m3": 380.15500000000003,
        "volume_class": "D · <1k",
        "marker_size": 8.9,
        "coord_quality": "source",
        "coord_source": "source_workbook",
        "coord_method": "Исходная координата",
        "needs_review": false,
        "cluster_eligible": true,
        "coord_source_url": "",
        "original_coordinates": "43,252358/76,860411",
        "source_coordinate_count": 1,
        "coord_note": ""
      }
    },
    {
      "type": "Feature",
      "id": "abonent-128",
      "geometry": {
        "type": "Point",
        "coordinates": [
          76.889709,
          43.238949
        ]
      },
      "properties": {
        "row_id": 128,
        "contract": 17513,
        "name": "Товарищество с ограниченной ответственностью \"Эйжа Стил Пайп Корпорейшн\"",
        "bin": "160540019614",
        "activity": "Промышленность",
        "district": "Алатауский",
        "address": "АЛГАБАС, УЛ.7, уч. 142/1",
        "month_01_m3": 164,
        "month_02_m3": 540,
        "month_03_m3": 438,
        "month_04_m3": 501,
        "month_05_m3": 237,
        "month_06_m3": 376,
        "avg_monthly_m3": 376,
        "volume_class": "D · <1k",
        "marker_size": 8.88,
        "coord_quality": "low",
        "coord_source": "district_median",
        "coord_method": "Медиана подтверждённых точек района",
        "needs_review": true,
        "cluster_eligible": false,
        "coord_source_url": "",
        "original_coordinates": "",
        "source_coordinate_count": 0,
        "coord_note": "Точный адрес не найден; точка исключена из кластеризации."
      }
    },
    {
      "type": "Feature",
      "id": "abonent-129",
      "geometry": {
        "type": "Point",
        "coordinates": [
          76.921486,
          43.287556
        ]
      },
      "properties": {
        "row_id": 129,
        "contract": 537687,
        "name": "Товарищество с ограниченной ответственностью \"AutoApex\"",
        "bin": "210140013672",
        "activity": "Промышленность",
        "district": "Жетысуский",
        "address": "РЫСКУЛОВА , 57 В",
        "month_01_m3": 427,
        "month_02_m3": 0,
        "month_03_m3": 483,
        "month_04_m3": 389,
        "month_05_m3": 485,
        "month_06_m3": 456,
        "avg_monthly_m3": 373.3333333333333,
        "volume_class": "D · <1k",
        "marker_size": 8.86,
        "coord_quality": "source",
        "coord_source": "source_workbook",
        "coord_method": "Исходная координата",
        "needs_review": false,
        "cluster_eligible": true,
        "coord_source_url": "",
        "original_coordinates": "43,287556/76,921486",
        "source_coordinate_count": 1,
        "coord_note": ""
      }
    },
    {
      "type": "Feature",
      "id": "abonent-130",
      "geometry": {
        "type": "Point",
        "coordinates": [
          76.867134,
          43.262108
        ]
      },
      "properties": {
        "row_id": 130,
        "contract": 1086,
        "name": "Товарищество с ограниченной ответственностью \"КазПромКурылыс\". Директор Петрухина Мария Тимофеевна",
        "bin": "100840014425",
        "activity": "Производственный цех",
        "district": "Алатауский",
        "address": "НЕМИРОВИЧА-ДАНЧЕНКО, 22",
        "month_01_m3": 584.64,
        "month_02_m3": 474.77,
        "month_03_m3": 431.47,
        "month_04_m3": 353.29,
        "month_05_m3": 209.27,
        "month_06_m3": 183,
        "avg_monthly_m3": 372.74,
        "volume_class": "D · <1k",
        "marker_size": 8.86,
        "coord_quality": "source",
        "coord_source": "source_workbook",
        "coord_method": "Исходная координата",
        "needs_review": false,
        "cluster_eligible": true,
        "coord_source_url": "",
        "original_coordinates": "43,262108/76,867134",
        "source_coordinate_count": 1,
        "coord_note": ""
      }
    },
    {
      "type": "Feature",
      "id": "abonent-131",
      "geometry": {
        "type": "Point",
        "coordinates": [
          76.889709,
          43.238949
        ]
      },
      "properties": {
        "row_id": 131,
        "contract": 17602,
        "name": "Товарищество с ограниченной ответственностью \"Kaz Tiger Tape\"",
        "bin": "100140008207",
        "activity": "Производственный цех",
        "district": "Алатауский",
        "address": "АЛГАБАС, ул. 7, уч 130/4",
        "month_01_m3": 352,
        "month_02_m3": 528,
        "month_03_m3": 298,
        "month_04_m3": 351,
        "month_05_m3": 350,
        "month_06_m3": 351,
        "avg_monthly_m3": 371.6666666666667,
        "volume_class": "D · <1k",
        "marker_size": 8.86,
        "coord_quality": "low",
        "coord_source": "district_median",
        "coord_method": "Медиана подтверждённых точек района",
        "needs_review": true,
        "cluster_eligible": false,
        "coord_source_url": "",
        "original_coordinates": "",
        "source_coordinate_count": 0,
        "coord_note": "Точный адрес не найден; точка исключена из кластеризации."
      }
    },
    {
      "type": "Feature",
      "id": "abonent-132",
      "geometry": {
        "type": "Point",
        "coordinates": [
          76.984249,
          43.269559
        ]
      },
      "properties": {
        "row_id": 132,
        "contract": 3403,
        "name": "Товарищество с ограниченной ответственностью  \"Лия\"",
        "bin": "941140000922",
        "activity": "СкладыОфисы",
        "district": "Медеуский",
        "address": "УЛЬЯНОВСКАЯ, 14",
        "month_01_m3": 180,
        "month_02_m3": 408,
        "month_03_m3": 304,
        "month_04_m3": 669,
        "month_05_m3": 366,
        "month_06_m3": 280,
        "avg_monthly_m3": 367.8333333333333,
        "volume_class": "D · <1k",
        "marker_size": 8.84,
        "coord_quality": "source",
        "coord_source": "source_workbook",
        "coord_method": "Исходная координата",
        "needs_review": false,
        "cluster_eligible": true,
        "coord_source_url": "",
        "original_coordinates": "43,269559/76,984249",
        "source_coordinate_count": 1,
        "coord_note": ""
      }
    },
    {
      "type": "Feature",
      "id": "abonent-133",
      "geometry": {
        "type": "Point",
        "coordinates": [
          76.846161,
          43.244559
        ]
      },
      "properties": {
        "row_id": 133,
        "contract": 1797,
        "name": "АО Промышленно-строительная телефонная компания \"Бителеком\"",
        "bin": "940740000694",
        "activity": "Промышленность",
        "district": "Ауэзовский",
        "address": "ТОЛЕ БИ, 293",
        "month_01_m3": 451,
        "month_02_m3": 267,
        "month_03_m3": 316,
        "month_04_m3": 465,
        "month_05_m3": 322,
        "month_06_m3": 365,
        "avg_monthly_m3": 364.3333333333333,
        "volume_class": "D · <1k",
        "marker_size": 8.82,
        "coord_quality": "source",
        "coord_source": "source_workbook",
        "coord_method": "Исходная координата",
        "needs_review": false,
        "cluster_eligible": true,
        "coord_source_url": "",
        "original_coordinates": "43,244559/76,846161",
        "source_coordinate_count": 1,
        "coord_note": ""
      }
    },
    {
      "type": "Feature",
      "id": "abonent-134",
      "geometry": {
        "type": "Point",
        "coordinates": [
          76.972384,
          43.341997
        ]
      },
      "properties": {
        "row_id": 134,
        "contract": 6300,
        "name": "Производственный кооператив \"Алматинский рыбозавод\"",
        "bin": "921040000985",
        "activity": "Производственный цех",
        "district": "Турксибский",
        "address": "БЕКМАХАНОВА, 97 Б",
        "month_01_m3": 0,
        "month_02_m3": 780,
        "month_03_m3": 235,
        "month_04_m3": 271,
        "month_05_m3": 545,
        "month_06_m3": 350.40000000000003,
        "avg_monthly_m3": 363.56666666666666,
        "volume_class": "D · <1k",
        "marker_size": 8.81,
        "coord_quality": "source",
        "coord_source": "source_workbook",
        "coord_method": "Исходная координата",
        "needs_review": false,
        "cluster_eligible": true,
        "coord_source_url": "",
        "original_coordinates": "43,341997/76,972384",
        "source_coordinate_count": 1,
        "coord_note": ""
      }
    },
    {
      "type": "Feature",
      "id": "abonent-135",
      "geometry": {
        "type": "Point",
        "coordinates": [
          76.960133,
          43.273472
        ]
      },
      "properties": {
        "row_id": 135,
        "contract": 529803,
        "name": "Индивидуальный предприниматель \"Шапиева\"",
        "bin": "760420400275",
        "activity": "КулинарияСкладыКондитерский цех",
        "district": "Жетысуский",
        "address": "КОЛПАКОВСКОГО ГЕРАС., 55/48",
        "month_01_m3": 327,
        "month_02_m3": 414,
        "month_03_m3": 430,
        "month_04_m3": 335,
        "month_05_m3": 417,
        "month_06_m3": 250,
        "avg_monthly_m3": 362.1666666666667,
        "volume_class": "D · <1k",
        "marker_size": 8.81,
        "coord_quality": "source",
        "coord_source": "source_workbook",
        "coord_method": "Исходная координата",
        "needs_review": false,
        "cluster_eligible": true,
        "coord_source_url": "",
        "original_coordinates": "43,273472/76,960133",
        "source_coordinate_count": 1,
        "coord_note": ""
      }
    },
    {
      "type": "Feature",
      "id": "abonent-136",
      "geometry": {
        "type": "Point",
        "coordinates": [
          76.965923,
          43.362029
        ]
      },
      "properties": {
        "row_id": 136,
        "contract": 60308,
        "name": "Товарищество с ограниченной ответственностью \"Бизнес Парк Навигатор\"",
        "bin": "190540001865",
        "activity": "Производственный цех",
        "district": "Турксибский",
        "address": "БАРТОЛЬДА, 157Б",
        "month_01_m3": 516,
        "month_02_m3": 827,
        "month_03_m3": 392,
        "month_04_m3": 252,
        "month_05_m3": 90,
        "month_06_m3": 54,
        "avg_monthly_m3": 355.1666666666667,
        "volume_class": "D · <1k",
        "marker_size": 8.77,
        "coord_quality": "source",
        "coord_source": "source_workbook",
        "coord_method": "Исходная координата",
        "needs_review": false,
        "cluster_eligible": true,
        "coord_source_url": "",
        "original_coordinates": "43,362029/76,965923",
        "source_coordinate_count": 1,
        "coord_note": ""
      }
    },
    {
      "type": "Feature",
      "id": "abonent-137",
      "geometry": {
        "type": "Point",
        "coordinates": [
          76.924664,
          43.341223
        ]
      },
      "properties": {
        "row_id": 137,
        "contract": 15870,
        "name": "Товарищество с ограниченной ответственностью \"Нуртау Темир\"",
        "bin": "100540005168",
        "activity": "ПромышленностьСклады",
        "district": "Жетысуский",
        "address": "ПАВЛОДАРСКАЯ, 48",
        "month_01_m3": 227,
        "month_02_m3": 366,
        "month_03_m3": 0,
        "month_04_m3": 624,
        "month_05_m3": 470,
        "month_06_m3": 440,
        "avg_monthly_m3": 354.5,
        "volume_class": "D · <1k",
        "marker_size": 8.77,
        "coord_quality": "source",
        "coord_source": "source_workbook",
        "coord_method": "Исходная координата",
        "needs_review": false,
        "cluster_eligible": true,
        "coord_source_url": "",
        "original_coordinates": "43,341223/76,924664",
        "source_coordinate_count": 1,
        "coord_note": ""
      }
    },
    {
      "type": "Feature",
      "id": "abonent-138",
      "geometry": {
        "type": "Point",
        "coordinates": [
          76.990422,
          43.3447091
        ]
      },
      "properties": {
        "row_id": 138,
        "contract": 539215,
        "name": "Физическое лицо Турсунов Алымжан Турганович",
        "bin": "870316300256",
        "activity": "Производственный цех",
        "district": "Турксибский",
        "address": "ЗАХАРОВА, 142",
        "month_01_m3": 0,
        "month_02_m3": 0,
        "month_03_m3": 847,
        "month_04_m3": 308,
        "month_05_m3": 40,
        "month_06_m3": 926,
        "avg_monthly_m3": 353.5,
        "volume_class": "D · <1k",
        "marker_size": 8.76,
        "coord_quality": "high",
        "coord_source": "nominatim_osm",
        "coord_method": "Точный адрес OpenStreetMap",
        "needs_review": false,
        "cluster_eligible": true,
        "coord_source_url": "https://www.openstreetmap.org/way/278796513",
        "original_coordinates": "",
        "source_coordinate_count": 0,
        "coord_note": "142, улица Захарова, Алтай-2, Турксибский район, Алматы, 050049, Казахстан"
      }
    },
    {
      "type": "Feature",
      "id": "abonent-139",
      "geometry": {
        "type": "Point",
        "coordinates": [
          76.9344977,
          43.3196473
        ]
      },
      "properties": {
        "row_id": 139,
        "contract": 6425,
        "name": "Товарищество с ограниченной ответственностью \"KSC - PLAST\"",
        "bin": "040440003621",
        "activity": "ОфисыПроизводственный цехСтоловая",
        "district": "Турксибский",
        "address": "НИКОЛЬСКОЙ АННЫ, 26 А",
        "month_01_m3": 323,
        "month_02_m3": 393,
        "month_03_m3": 301,
        "month_04_m3": 305,
        "month_05_m3": 376,
        "month_06_m3": 342,
        "avg_monthly_m3": 340,
        "volume_class": "D · <1k",
        "marker_size": 8.69,
        "coord_quality": "high",
        "coord_source": "nominatim_osm",
        "coord_method": "Точный адрес OpenStreetMap",
        "needs_review": false,
        "cluster_eligible": true,
        "coord_source_url": "https://www.openstreetmap.org/way/934144271",
        "original_coordinates": "",
        "source_coordinate_count": 0,
        "coord_note": "26А, улица Анны Никольской, Турксибский район, Алматы, 050037, Казахстан"
      }
    },
    {
      "type": "Feature",
      "id": "abonent-140",
      "geometry": {
        "type": "Point",
        "coordinates": [
          76.894956,
          43.261177
        ]
      },
      "properties": {
        "row_id": 140,
        "contract": 1028,
        "name": "Товарищество с ограниченной ответственностью \"Алматыхиммаш\"",
        "bin": "061240009291",
        "activity": "Производственный цех",
        "district": "Алмалинский",
        "address": "РАЙЫМБЕКА , 208А",
        "month_01_m3": 389,
        "month_02_m3": 895,
        "month_03_m3": 195,
        "month_04_m3": 168,
        "month_05_m3": 188,
        "month_06_m3": 197,
        "avg_monthly_m3": 338.6666666666667,
        "volume_class": "D · <1k",
        "marker_size": 8.68,
        "coord_quality": "source",
        "coord_source": "source_workbook",
        "coord_method": "Исходная координата",
        "needs_review": false,
        "cluster_eligible": true,
        "coord_source_url": "",
        "original_coordinates": "43,261177/76,894956",
        "source_coordinate_count": 1,
        "coord_note": ""
      }
    },
    {
      "type": "Feature",
      "id": "abonent-141",
      "geometry": {
        "type": "Point",
        "coordinates": [
          76.956741,
          43.306451
        ]
      },
      "properties": {
        "row_id": 141,
        "contract": 8168,
        "name": "Товарищество с ограниченной ответственностью \"Инвестиционная компания \"Гидромаш-Орион\"",
        "bin": "050240001628",
        "activity": "Промышленность",
        "district": "Турксибский",
        "address": "УРДИНСК, 1/0",
        "month_01_m3": 460,
        "month_02_m3": 339,
        "month_03_m3": 366,
        "month_04_m3": 295,
        "month_05_m3": 271,
        "month_06_m3": 288,
        "avg_monthly_m3": 336.5,
        "volume_class": "D · <1k",
        "marker_size": 8.67,
        "coord_quality": "medium",
        "coord_source": "2gis_company",
        "coord_method": "Карточка предприятия 2GIS; адрес требует сверки",
        "needs_review": true,
        "cluster_eligible": false,
        "coord_source_url": "https://2gis.kz/almaty/firm/70000001040499800",
        "original_coordinates": "",
        "source_coordinate_count": 0,
        "coord_note": "Название совпало; исходный адрес «Урдинск, 1/0» не распознан."
      }
    },
    {
      "type": "Feature",
      "id": "abonent-142",
      "geometry": {
        "type": "Point",
        "coordinates": [
          76.946045,
          43.347464
        ]
      },
      "properties": {
        "row_id": 142,
        "contract": 6115,
        "name": "ТОО \"Алматинский электромеханический завод\"",
        "bin": "001040000061",
        "activity": "Промышленность",
        "district": "Турксибский",
        "address": "ЗЕМНУХОВА, 9А",
        "month_01_m3": 309.47,
        "month_02_m3": 377.36,
        "month_03_m3": 286.47,
        "month_04_m3": 388.1,
        "month_05_m3": 328.47,
        "month_06_m3": 328.1,
        "avg_monthly_m3": 336.3283333333334,
        "volume_class": "D · <1k",
        "marker_size": 8.67,
        "coord_quality": "source",
        "coord_source": "source_workbook",
        "coord_method": "Исходная координата",
        "needs_review": false,
        "cluster_eligible": true,
        "coord_source_url": "",
        "original_coordinates": "43,347464/76,946045",
        "source_coordinate_count": 1,
        "coord_note": ""
      }
    },
    {
      "type": "Feature",
      "id": "abonent-143",
      "geometry": {
        "type": "Point",
        "coordinates": [
          76.893532,
          43.280589
        ]
      },
      "properties": {
        "row_id": 143,
        "contract": 523323,
        "name": "Товарищество с ограниченной ответственностью \"Центр правильного сна\"",
        "bin": "101040013212",
        "activity": "Швейный цехОфисы",
        "district": "Жетысуский",
        "address": "МОСКВИНА , 23",
        "month_01_m3": 0,
        "month_02_m3": 0,
        "month_03_m3": 1167,
        "month_04_m3": 462,
        "month_05_m3": 156,
        "month_06_m3": 199,
        "avg_monthly_m3": 330.6666666666667,
        "volume_class": "D · <1k",
        "marker_size": 8.64,
        "coord_quality": "source",
        "coord_source": "source_workbook",
        "coord_method": "Исходная координата",
        "needs_review": false,
        "cluster_eligible": true,
        "coord_source_url": "",
        "original_coordinates": "43,280589/76,893532",
        "source_coordinate_count": 1,
        "coord_note": ""
      }
    },
    {
      "type": "Feature",
      "id": "abonent-144",
      "geometry": {
        "type": "Point",
        "coordinates": [
          76.993239,
          43.353048
        ]
      },
      "properties": {
        "row_id": 144,
        "contract": 60298,
        "name": "Товарищество с ограниченной отвественностью \"KDI Group\"",
        "bin": "190340000939",
        "activity": "Производственный цех",
        "district": "Турксибский",
        "address": "ДОМБРОВСКОГО, 1",
        "month_01_m3": 280,
        "month_02_m3": 335,
        "month_03_m3": 364,
        "month_04_m3": 200,
        "month_05_m3": 373,
        "month_06_m3": 416,
        "avg_monthly_m3": 328,
        "volume_class": "D · <1k",
        "marker_size": 8.62,
        "coord_quality": "source",
        "coord_source": "source_workbook",
        "coord_method": "Исходная координата",
        "needs_review": false,
        "cluster_eligible": true,
        "coord_source_url": "",
        "original_coordinates": "43,353048/76,993239",
        "source_coordinate_count": 1,
        "coord_note": ""
      }
    },
    {
      "type": "Feature",
      "id": "abonent-145",
      "geometry": {
        "type": "Point",
        "coordinates": [
          76.802924,
          43.300713
        ]
      },
      "properties": {
        "row_id": 145,
        "contract": 533436,
        "name": "Товарищество с ограниченной ответственностью \"Telli Ondiris\"",
        "bin": "220640021821",
        "activity": "СкладыПроизводственный цех",
        "district": "Алатауский",
        "address": "АЛГАБАС, УЛ.7, 130/3",
        "month_01_m3": 444,
        "month_02_m3": 305,
        "month_03_m3": 309,
        "month_04_m3": 234,
        "month_05_m3": 278,
        "month_06_m3": 366,
        "avg_monthly_m3": 322.6666666666667,
        "volume_class": "D · <1k",
        "marker_size": 8.59,
        "coord_quality": "source",
        "coord_source": "source_workbook",
        "coord_method": "Исходная координата",
        "needs_review": false,
        "cluster_eligible": true,
        "coord_source_url": "",
        "original_coordinates": "43,300713/76,802924",
        "source_coordinate_count": 1,
        "coord_note": ""
      }
    },
    {
      "type": "Feature",
      "id": "abonent-146",
      "geometry": {
        "type": "Point",
        "coordinates": [
          76.923748,
          43.269448
        ]
      },
      "properties": {
        "row_id": 146,
        "contract": 523914,
        "name": "Товарищество с ограниченной ответственностью\"Сика Сентрал Эйша\"",
        "bin": "191140018223",
        "activity": "Производственный цех",
        "district": "Жетысуский",
        "address": "РАЙЫМБЕКА , 211 А",
        "month_01_m3": 354.83,
        "month_02_m3": 307.42,
        "month_03_m3": 301.82,
        "month_04_m3": 418.19,
        "month_05_m3": 355.64,
        "month_06_m3": 180.28,
        "avg_monthly_m3": 319.69666666666666,
        "volume_class": "D · <1k",
        "marker_size": 8.58,
        "coord_quality": "source",
        "coord_source": "source_workbook",
        "coord_method": "Исходная координата",
        "needs_review": false,
        "cluster_eligible": true,
        "coord_source_url": "",
        "original_coordinates": "43,269448/76,923748",
        "source_coordinate_count": 1,
        "coord_note": ""
      }
    },
    {
      "type": "Feature",
      "id": "abonent-147",
      "geometry": {
        "type": "Point",
        "coordinates": [
          76.9171609,
          43.2836295
        ]
      },
      "properties": {
        "row_id": 147,
        "contract": 50252,
        "name": "Товарищество с ограниченной ответственностью \"АЛСИБ\"",
        "bin": "980240000277",
        "activity": "Производственный цех",
        "district": "Жетысуский",
        "address": "РЫСКУЛОВА , 65",
        "month_01_m3": 0,
        "month_02_m3": 0,
        "month_03_m3": 0,
        "month_04_m3": 4,
        "month_05_m3": 1914,
        "month_06_m3": 0,
        "avg_monthly_m3": 319.6666666666667,
        "volume_class": "D · <1k",
        "marker_size": 8.58,
        "coord_quality": "high",
        "coord_source": "nominatim_osm",
        "coord_method": "Точный адрес OpenStreetMap",
        "needs_review": false,
        "cluster_eligible": true,
        "coord_source_url": "https://www.openstreetmap.org/way/249676673",
        "original_coordinates": "",
        "source_coordinate_count": 0,
        "coord_note": "65, проспект Рыскулова, Жетысуский район, Алматы, 050050, Казахстан"
      }
    },
    {
      "type": "Feature",
      "id": "abonent-148",
      "geometry": {
        "type": "Point",
        "coordinates": [
          76.911413,
          43.312472
        ]
      },
      "properties": {
        "row_id": 148,
        "contract": 50283,
        "name": "Товарищество с ограниченной ответственностью \"ДСП Центр\"",
        "bin": "011240004211",
        "activity": "Производственный цех",
        "district": "Жетысуский",
        "address": " АЙНА-БУЛАК 2, 56В",
        "month_01_m3": 899,
        "month_02_m3": 220,
        "month_03_m3": 216,
        "month_04_m3": 180,
        "month_05_m3": 205,
        "month_06_m3": 181,
        "avg_monthly_m3": 316.8333333333333,
        "volume_class": "D · <1k",
        "marker_size": 8.56,
        "coord_quality": "source",
        "coord_source": "source_workbook",
        "coord_method": "Исходная координата",
        "needs_review": false,
        "cluster_eligible": true,
        "coord_source_url": "",
        "original_coordinates": "43,312472/76,911413",
        "source_coordinate_count": 1,
        "coord_note": ""
      }
    },
    {
      "type": "Feature",
      "id": "abonent-149",
      "geometry": {
        "type": "Point",
        "coordinates": [
          77.016096,
          43.359512
        ]
      },
      "properties": {
        "row_id": 149,
        "contract": 6043,
        "name": "АО \"Международный аэропорт Алматы\"",
        "bin": "950440001445",
        "activity": "Административные зданияПроизводственный цех",
        "district": "Турксибский",
        "address": "ОГАРЕВА, 2 М",
        "month_01_m3": 303,
        "month_02_m3": 246,
        "month_03_m3": 2,
        "month_04_m3": 502,
        "month_05_m3": 362,
        "month_06_m3": 478,
        "avg_monthly_m3": 315.5,
        "volume_class": "D · <1k",
        "marker_size": 8.55,
        "coord_quality": "medium",
        "coord_source": "2gis_company",
        "coord_method": "Карточка объекта Международного аэропорта",
        "needs_review": true,
        "cluster_eligible": false,
        "coord_source_url": "https://2gis.kz/almaty/firm/70000001075266427",
        "original_coordinates": "",
        "source_coordinate_count": 0,
        "coord_note": "Адрес подразделения отличается от исходного."
      }
    },
    {
      "type": "Feature",
      "id": "abonent-150",
      "geometry": {
        "type": "Point",
        "coordinates": [
          76.855598,
          43.248298
        ]
      },
      "properties": {
        "row_id": 150,
        "contract": 1022,
        "name": "Товарищество с ограниченной ответственностью \"ИСКЕР-ГАЗ\"",
        "bin": "080340000817",
        "activity": "СТООфисыПроизводственный цех",
        "district": "Ауэзовский",
        "address": "ЗЛАТОУСТОВСКАЯ, 29",
        "month_01_m3": 0,
        "month_02_m3": 1124,
        "month_03_m3": 172,
        "month_04_m3": 140,
        "month_05_m3": 197,
        "month_06_m3": 218,
        "avg_monthly_m3": 308.5,
        "volume_class": "D · <1k",
        "marker_size": 8.51,
        "coord_quality": "source",
        "coord_source": "source_workbook",
        "coord_method": "Исходная координата",
        "needs_review": false,
        "cluster_eligible": true,
        "coord_source_url": "",
        "original_coordinates": "43,248298/76,855598",
        "source_coordinate_count": 1,
        "coord_note": ""
      }
    },
    {
      "type": "Feature",
      "id": "abonent-151",
      "geometry": {
        "type": "Point",
        "coordinates": [
          76.930782,
          43.337391
        ]
      },
      "properties": {
        "row_id": 151,
        "contract": 15487,
        "name": "Товарищество с ограниченной ответственностью \" Казахстанская нефтехимическая компания Кемикал\"",
        "bin": "090240009849",
        "activity": "Производственный цех",
        "district": "Жетысуский",
        "address": "БУРУНДАЙСКАЯ, 93а",
        "month_01_m3": 0,
        "month_02_m3": 0,
        "month_03_m3": 0,
        "month_04_m3": 1224,
        "month_05_m3": 0,
        "month_06_m3": 606.65,
        "avg_monthly_m3": 305.10833333333335,
        "volume_class": "D · <1k",
        "marker_size": 8.49,
        "coord_quality": "source",
        "coord_source": "source_workbook",
        "coord_method": "Исходная координата",
        "needs_review": false,
        "cluster_eligible": true,
        "coord_source_url": "",
        "original_coordinates": "43,337391/76,930782",
        "source_coordinate_count": 1,
        "coord_note": ""
      }
    },
    {
      "type": "Feature",
      "id": "abonent-152",
      "geometry": {
        "type": "Point",
        "coordinates": [
          76.84472,
          43.275251
        ]
      },
      "properties": {
        "row_id": 152,
        "contract": 15429,
        "name": "Товарищество с ограниченной ответственностью  \"БОСТАН\"",
        "bin": "990840004223",
        "activity": "СкладыПроизводственный цех",
        "district": "Алатауский",
        "address": " АЙГЕРИМ-1,ЛЕНИН, 14",
        "month_01_m3": 217,
        "month_02_m3": 274,
        "month_03_m3": 238.17000000000002,
        "month_04_m3": 332,
        "month_05_m3": 419,
        "month_06_m3": 321,
        "avg_monthly_m3": 300.195,
        "volume_class": "D · <1k",
        "marker_size": 8.47,
        "coord_quality": "medium",
        "coord_source": "2gis_address",
        "coord_method": "Адрес по современному названию улицы",
        "needs_review": true,
        "cluster_eligible": false,
        "coord_source_url": "https://2gis.kz/almaty/geo/9430047374979556",
        "original_coordinates": "",
        "source_coordinate_count": 0,
        "coord_note": "Принято соответствие старого названия «Ленина» улице Бенберина."
      }
    },
    {
      "type": "Feature",
      "id": "abonent-153",
      "geometry": {
        "type": "Point",
        "coordinates": [
          76.910893,
          43.25976
        ]
      },
      "properties": {
        "row_id": 153,
        "contract": 530753,
        "name": "Физическое лицо Умарбаева Мадина Турганбековна",
        "bin": "790923402063",
        "activity": "Магазины",
        "district": "Алмалинский",
        "address": "БАЙЗАКОВА, 70 А",
        "month_01_m3": 319,
        "month_02_m3": 322,
        "month_03_m3": 382,
        "month_04_m3": 226,
        "month_05_m3": 262,
        "month_06_m3": 257,
        "avg_monthly_m3": 294.6666666666667,
        "volume_class": "D · <1k",
        "marker_size": 8.43,
        "coord_quality": "source",
        "coord_source": "source_workbook",
        "coord_method": "Исходная координата",
        "needs_review": false,
        "cluster_eligible": true,
        "coord_source_url": "",
        "original_coordinates": "43,25976/76,910893",
        "source_coordinate_count": 1,
        "coord_note": ""
      }
    },
    {
      "type": "Feature",
      "id": "abonent-154",
      "geometry": {
        "type": "Point",
        "coordinates": [
          77.006018,
          43.3536845
        ]
      },
      "properties": {
        "row_id": 154,
        "contract": 522076,
        "name": "Индивидуальный предприниматель \"SARA\" Сухова Наталья Владимировна",
        "bin": "771224400737",
        "activity": "Швейный цехАПТЕКИМагазиныМойкиРестораны и кафе",
        "district": "Турксибский",
        "address": "ЗАКАРПАТСКАЯ, 33 А",
        "month_01_m3": 279,
        "month_02_m3": 271,
        "month_03_m3": 254,
        "month_04_m3": 322,
        "month_05_m3": 304,
        "month_06_m3": 271,
        "avg_monthly_m3": 283.5,
        "volume_class": "D · <1k",
        "marker_size": 8.37,
        "coord_quality": "source",
        "coord_source": "source_workbook",
        "coord_method": "Центроид исходных координат",
        "needs_review": false,
        "cluster_eligible": true,
        "coord_source_url": "",
        "original_coordinates": "43,353149/77,005794\n43,35422/77,006242",
        "source_coordinate_count": 2,
        "coord_note": "Центроид 2 исходных точек."
      }
    },
    {
      "type": "Feature",
      "id": "abonent-155",
      "geometry": {
        "type": "Point",
        "coordinates": [
          76.898767,
          43.35755
        ]
      },
      "properties": {
        "row_id": 155,
        "contract": 522042,
        "name": "Товарищество с ограниченной ответственностью \"Paknar Company\" (Пакнар Компани)",
        "bin": "030740006297",
        "activity": "ОфисыПроизводственный цех",
        "district": "Илийский",
        "address": "ИЛИЙСКИЙ Р-Н,С.КАЗЦИК,БЕРЕЖИНСКИЙ А.Ф., 42",
        "month_01_m3": 369,
        "month_02_m3": 321,
        "month_03_m3": 241,
        "month_04_m3": 310,
        "month_05_m3": 262,
        "month_06_m3": 196,
        "avg_monthly_m3": 283.1666666666667,
        "volume_class": "D · <1k",
        "marker_size": 8.37,
        "coord_quality": "medium",
        "coord_source": "2gis_nearby_address",
        "coord_method": "Соседний подтверждённый адрес Бережинского, 40",
        "needs_review": true,
        "cluster_eligible": false,
        "coord_source_url": "https://2gis.kz/almaty/firm/9429940000793576",
        "original_coordinates": "",
        "source_coordinate_count": 0,
        "coord_note": "Дом 42 не опубликован; использован соседний дом 40."
      }
    },
    {
      "type": "Feature",
      "id": "abonent-156",
      "geometry": {
        "type": "Point",
        "coordinates": [
          76.885062,
          43.3629845
        ]
      },
      "properties": {
        "row_id": 156,
        "contract": 16013,
        "name": "Товарищество с ограниченной ответственностью \"КазКор - Мебель\"",
        "bin": "030740002056",
        "activity": "Административные зданияПроизводственный цех",
        "district": "Илийский",
        "address": "БОРАЛДАЙ,МЕНДЕЛЕЕВА, 15",
        "month_01_m3": 359,
        "month_02_m3": 337,
        "month_03_m3": 310,
        "month_04_m3": 522,
        "month_05_m3": 136,
        "month_06_m3": 0,
        "avg_monthly_m3": 277.3333333333333,
        "volume_class": "D · <1k",
        "marker_size": 8.33,
        "coord_quality": "medium",
        "coord_source": "2gis_interpolation",
        "coord_method": "Интерполяция между домами 13 и 17",
        "needs_review": true,
        "cluster_eligible": false,
        "coord_source_url": "https://2gis.kz/almaty/search/Менделеева%2015",
        "original_coordinates": "",
        "source_coordinate_count": 0,
        "coord_note": "Расчётная точка между ближайшими опубликованными адресами."
      }
    },
    {
      "type": "Feature",
      "id": "abonent-157",
      "geometry": {
        "type": "Point",
        "coordinates": [
          76.793158,
          43.296865
        ]
      },
      "properties": {
        "row_id": 157,
        "contract": 540192,
        "name": "Товарищество с ограниченной ответственностью\"Shaban Caia\"",
        "bin": "070140001539",
        "activity": "Производственный цех",
        "district": "Алатауский",
        "address": "АЛГАБАС, УЛ.7, уч.134/6",
        "month_01_m3": 0,
        "month_02_m3": 0,
        "month_03_m3": 0,
        "month_04_m3": 549,
        "month_05_m3": 177,
        "month_06_m3": 938,
        "avg_monthly_m3": 277.3333333333333,
        "volume_class": "D · <1k",
        "marker_size": 8.33,
        "coord_quality": "low",
        "coord_source": "2gis_street",
        "coord_method": "Центр 7-й улицы в мкр. Алгабас",
        "needs_review": true,
        "cluster_eligible": false,
        "coord_source_url": "https://2gis.kz/almaty/geo/9430150454189014",
        "original_coordinates": "",
        "source_coordinate_count": 0,
        "coord_note": "Участок 134/6 не найден."
      }
    },
    {
      "type": "Feature",
      "id": "abonent-158",
      "geometry": {
        "type": "Point",
        "coordinates": [
          76.880846,
          43.297199
        ]
      },
      "properties": {
        "row_id": 158,
        "contract": 17381,
        "name": "Товарищество с ограниченной ответственностью \"Самурук Колсай\"",
        "bin": "100440001419",
        "activity": "ПромышленностьОфисыСтоловая",
        "district": "Алатауский",
        "address": "УЛЖАН-2,УЧАСТОК, 55А",
        "month_01_m3": 370,
        "month_02_m3": 302,
        "month_03_m3": 247,
        "month_04_m3": 250,
        "month_05_m3": 242,
        "month_06_m3": 241,
        "avg_monthly_m3": 275.3333333333333,
        "volume_class": "D · <1k",
        "marker_size": 8.32,
        "coord_quality": "medium",
        "coord_source": "2gis_company",
        "coord_method": "Карточка предприятия 2GIS",
        "needs_review": true,
        "cluster_eligible": false,
        "coord_source_url": "https://2gis.kz/almaty/firm/70000001038689961",
        "original_coordinates": "",
        "source_coordinate_count": 0,
        "coord_note": "Название совпало; адрес в карте отличается от исходного."
      }
    },
    {
      "type": "Feature",
      "id": "abonent-159",
      "geometry": {
        "type": "Point",
        "coordinates": [
          76.858912,
          43.261982
        ]
      },
      "properties": {
        "row_id": 159,
        "contract": 533953,
        "name": "Товарищество с ограниченной ответственностью \"NIKIO\"",
        "bin": "171240010095",
        "activity": "Промышленность",
        "district": "Алатауский",
        "address": "ЕМЦОВА, 26",
        "month_01_m3": 326,
        "month_02_m3": 275,
        "month_03_m3": 250,
        "month_04_m3": 277,
        "month_05_m3": 213,
        "month_06_m3": 251,
        "avg_monthly_m3": 265.3333333333333,
        "volume_class": "D · <1k",
        "marker_size": 8.26,
        "coord_quality": "source",
        "coord_source": "source_workbook",
        "coord_method": "Исходная координата",
        "needs_review": false,
        "cluster_eligible": true,
        "coord_source_url": "",
        "original_coordinates": "43,261982/76,858912",
        "source_coordinate_count": 1,
        "coord_note": ""
      }
    },
    {
      "type": "Feature",
      "id": "abonent-160",
      "geometry": {
        "type": "Point",
        "coordinates": [
          76.8978831,
          43.278854
        ]
      },
      "properties": {
        "row_id": 160,
        "contract": 1496,
        "name": "Товарищество с ограниченной ответственностью \"Модуль Сталь\"",
        "bin": "150440004056",
        "activity": "ПромышленностьОфисы",
        "district": "Жетысуский",
        "address": "БРОДСКОГО, 176",
        "month_01_m3": 0,
        "month_02_m3": 692,
        "month_03_m3": 154,
        "month_04_m3": 134,
        "month_05_m3": 252,
        "month_06_m3": 341,
        "avg_monthly_m3": 262.1666666666667,
        "volume_class": "D · <1k",
        "marker_size": 8.24,
        "coord_quality": "high",
        "coord_source": "nominatim_osm",
        "coord_method": "Точный адрес OpenStreetMap",
        "needs_review": false,
        "cluster_eligible": true,
        "coord_source_url": "https://www.openstreetmap.org/way/929131911",
        "original_coordinates": "",
        "source_coordinate_count": 0,
        "coord_note": "176, улица Бродского, Жетысуский район, Алматы, 050034, Казахстан"
      }
    },
    {
      "type": "Feature",
      "id": "abonent-161",
      "geometry": {
        "type": "Point",
        "coordinates": [
          76.992173,
          43.369355
        ]
      },
      "properties": {
        "row_id": 161,
        "contract": 6184,
        "name": "Товарищество с ограниченной ответственностью \"SMASH LTD\"",
        "bin": "060340001970",
        "activity": "ОфисыПроизводственный цех",
        "district": "Турксибский",
        "address": "ИЛИЙСКИЙ , 11",
        "month_01_m3": 114,
        "month_02_m3": 255,
        "month_03_m3": 218,
        "month_04_m3": 283,
        "month_05_m3": 298,
        "month_06_m3": 393,
        "avg_monthly_m3": 260.1666666666667,
        "volume_class": "D · <1k",
        "marker_size": 8.23,
        "coord_quality": "low",
        "coord_source": "nearby_source_record",
        "coord_method": "Опорная точка на Илийском тракте",
        "needs_review": true,
        "cluster_eligible": false,
        "coord_source_url": "https://goszakup.gov.kz/ru/registry/show_supplier/205315",
        "original_coordinates": "",
        "source_coordinate_count": 0,
        "coord_note": "Геокодер ошибочно уводил в Утеген-Батыр; использована ближайшая исходная точка на Илийском тракте."
      }
    },
    {
      "type": "Feature",
      "id": "abonent-162",
      "geometry": {
        "type": "Point",
        "coordinates": [
          77.056959,
          43.35363
        ]
      },
      "properties": {
        "row_id": 162,
        "contract": 30650,
        "name": "Товарищество с ограниченной ответсвенностью \"FRESH FRUIT KAZAKHSTAN\" (Фреш Фрут Казахстан)",
        "bin": "061240021954",
        "activity": "Промышленность",
        "district": "Медеуский",
        "address": "ГУЛДАЛА, 1086",
        "month_01_m3": 228,
        "month_02_m3": 380,
        "month_03_m3": 237,
        "month_04_m3": 275,
        "month_05_m3": 123,
        "month_06_m3": 313,
        "avg_monthly_m3": 259.3333333333333,
        "volume_class": "D · <1k",
        "marker_size": 8.22,
        "coord_quality": "low",
        "coord_source": "2gis_locality",
        "coord_method": "Центр села Гульдала",
        "needs_review": true,
        "cluster_eligible": false,
        "coord_source_url": "https://2gis.kz/almaty/geo/9430034490064951",
        "original_coordinates": "",
        "source_coordinate_count": 0,
        "coord_note": "Участок 1086 не найден."
      }
    },
    {
      "type": "Feature",
      "id": "abonent-163",
      "geometry": {
        "type": "Point",
        "coordinates": [
          76.826497,
          43.371469
        ]
      },
      "properties": {
        "row_id": 163,
        "contract": 17363,
        "name": "Товарищество с ограниченной ответственностью \"BRBARK\"",
        "bin": "140640023642",
        "activity": "Теплицы",
        "district": "Алатауский",
        "address": "БУРУНДАЙ, вост.Шанырак-5",
        "month_01_m3": 326,
        "month_02_m3": 0,
        "month_03_m3": 579,
        "month_04_m3": 393,
        "month_05_m3": 245,
        "month_06_m3": 0,
        "avg_monthly_m3": 257.1666666666667,
        "volume_class": "D · <1k",
        "marker_size": 8.21,
        "coord_quality": "low",
        "coord_source": "2gis_locality",
        "coord_method": "Центр посёлка Боралдай",
        "needs_review": true,
        "cluster_eligible": false,
        "coord_source_url": "https://2gis.kz/almaty/geo/9430034490064976",
        "original_coordinates": "",
        "source_coordinate_count": 0,
        "coord_note": "Точный участок «вост. Шанырак-5» не найден."
      }
    },
    {
      "type": "Feature",
      "id": "abonent-164",
      "geometry": {
        "type": "Point",
        "coordinates": [
          76.911536,
          43.276099
        ]
      },
      "properties": {
        "row_id": 164,
        "contract": 5867,
        "name": "Товарищество с ограниченной ответственностью \"Volvox Invest Cоmpany\"",
        "bin": "960440001784",
        "activity": "ПромышленностьСкладыОфисы",
        "district": "Жетысуский",
        "address": "КАЗЫБАЕВА КАКИМЖАНА, 12 А",
        "month_01_m3": 256,
        "month_02_m3": 311,
        "month_03_m3": 326,
        "month_04_m3": 206,
        "month_05_m3": 204,
        "month_06_m3": 180,
        "avg_monthly_m3": 247.16666666666666,
        "volume_class": "D · <1k",
        "marker_size": 8.14,
        "coord_quality": "high",
        "coord_source": "yandex_maps",
        "coord_method": "Точная карточка здания",
        "needs_review": false,
        "cluster_eligible": true,
        "coord_source_url": "https://yandex.kz/maps/ru/162/almaty/house/kakimzhan_qazybaev_koshesi_12a/Y08YfwZhTEYBQFppfX52d3xqbA%3D%3D/",
        "original_coordinates": "",
        "source_coordinate_count": 0,
        "coord_note": ""
      }
    },
    {
      "type": "Feature",
      "id": "abonent-165",
      "geometry": {
        "type": "Point",
        "coordinates": [
          76.8250794,
          43.2434649
        ]
      },
      "properties": {
        "row_id": 165,
        "contract": 536358,
        "name": "Товарищество с ограниченной ответственностью Совместное Предприятие \"BKK DRUCK\" (БКК-ДРУК)",
        "bin": "030340004206",
        "activity": "ОфисыПроизводственный цех",
        "district": "Алатауский",
        "address": "РАЙЫМБЕКА , 509",
        "month_01_m3": 331,
        "month_02_m3": 0,
        "month_03_m3": 330,
        "month_04_m3": 276,
        "month_05_m3": 323,
        "month_06_m3": 220,
        "avg_monthly_m3": 246.66666666666666,
        "volume_class": "D · <1k",
        "marker_size": 8.14,
        "coord_quality": "high",
        "coord_source": "nominatim_osm",
        "coord_method": "Точный адрес OpenStreetMap",
        "needs_review": false,
        "cluster_eligible": true,
        "coord_source_url": "https://www.openstreetmap.org/way/253337863",
        "original_coordinates": "",
        "source_coordinate_count": 0,
        "coord_note": "509, проспект Райымбека, Акбулак, Алатауский район, Алматы, 050038, Казахстан"
      }
    },
    {
      "type": "Feature",
      "id": "abonent-166",
      "geometry": {
        "type": "Point",
        "coordinates": [
          76.862964,
          43.250257
        ]
      },
      "properties": {
        "row_id": 166,
        "contract": 10342,
        "name": "Товарищество с ограниченной ответственностью \"Потенциал\"",
        "bin": "930740000982",
        "activity": "Производственный цех",
        "district": "Ауэзовский",
        "address": "РАЙЫМБЕКА , 384",
        "month_01_m3": 350,
        "month_02_m3": 426,
        "month_03_m3": 410,
        "month_04_m3": 219,
        "month_05_m3": 68,
        "month_06_m3": 0,
        "avg_monthly_m3": 245.5,
        "volume_class": "D · <1k",
        "marker_size": 8.13,
        "coord_quality": "source",
        "coord_source": "source_workbook",
        "coord_method": "Исходная координата",
        "needs_review": false,
        "cluster_eligible": true,
        "coord_source_url": "",
        "original_coordinates": "43,250257/76,862964",
        "source_coordinate_count": 1,
        "coord_note": ""
      }
    },
    {
      "type": "Feature",
      "id": "abonent-167",
      "geometry": {
        "type": "Point",
        "coordinates": [
          76.811176,
          43.324075
        ]
      },
      "properties": {
        "row_id": 167,
        "contract": 537545,
        "name": "Товарищество с ограниченной ответственностью \"Black Biotechnology (Блэк Биотехнолоджи)\"",
        "bin": "210540019696",
        "activity": "Производственный цех",
        "district": "Алатауский",
        "address": "АЛГАБАС, УЛ.7, 142/19",
        "month_01_m3": 43,
        "month_02_m3": 163,
        "month_03_m3": 272,
        "month_04_m3": 441,
        "month_05_m3": 340,
        "month_06_m3": 183,
        "avg_monthly_m3": 240.33333333333334,
        "volume_class": "D · <1k",
        "marker_size": 8.1,
        "coord_quality": "source",
        "coord_source": "source_workbook",
        "coord_method": "Исходная координата",
        "needs_review": false,
        "cluster_eligible": true,
        "coord_source_url": "",
        "original_coordinates": "43,324075/76,811176",
        "source_coordinate_count": 1,
        "coord_note": ""
      }
    },
    {
      "type": "Feature",
      "id": "abonent-168",
      "geometry": {
        "type": "Point",
        "coordinates": [
          76.9092501,
          43.2669898
        ]
      },
      "properties": {
        "row_id": 168,
        "contract": 1097,
        "name": "Товарищество с ограниченной ответственностью \"СК-095\"",
        "bin": "980940003138",
        "activity": "ОфисыПроизводственный цех",
        "district": "Жетысуский",
        "address": "ГАЛИЛЕЯ , 2/1",
        "month_01_m3": 217,
        "month_02_m3": 40,
        "month_03_m3": 135,
        "month_04_m3": 362,
        "month_05_m3": 242,
        "month_06_m3": 430,
        "avg_monthly_m3": 237.66666666666666,
        "volume_class": "D · <1k",
        "marker_size": 8.08,
        "coord_quality": "high",
        "coord_source": "nominatim_osm",
        "coord_method": "Точный адрес OpenStreetMap",
        "needs_review": false,
        "cluster_eligible": true,
        "coord_source_url": "https://www.openstreetmap.org/way/806853722",
        "original_coordinates": "",
        "source_coordinate_count": 0,
        "coord_note": "2/1, улица Галилея, Жетысуский район, Алматы, 050025, Казахстан"
      }
    },
    {
      "type": "Feature",
      "id": "abonent-169",
      "geometry": {
        "type": "Point",
        "coordinates": [
          76.861673,
          43.27116
        ]
      },
      "properties": {
        "row_id": 169,
        "contract": 7692,
        "name": "Товарищество с ограниченной ответственностью  \"Буран Бойлер\"",
        "bin": "050540004940",
        "activity": "Производственный цех",
        "district": "Алатауский",
        "address": "САМГАУ, КОКОРАЙ (МОЛОДЕЖНАЯ), 22",
        "month_01_m3": 211,
        "month_02_m3": 230,
        "month_03_m3": 133,
        "month_04_m3": 273,
        "month_05_m3": 315,
        "month_06_m3": 253,
        "avg_monthly_m3": 235.83333333333334,
        "volume_class": "D · <1k",
        "marker_size": 8.07,
        "coord_quality": "source",
        "coord_source": "source_workbook",
        "coord_method": "Исходная координата",
        "needs_review": false,
        "cluster_eligible": true,
        "coord_source_url": "",
        "original_coordinates": "43,27116/76,861673",
        "source_coordinate_count": 1,
        "coord_note": ""
      }
    },
    {
      "type": "Feature",
      "id": "abonent-170",
      "geometry": {
        "type": "Point",
        "coordinates": [
          76.823107,
          43.224847
        ]
      },
      "properties": {
        "row_id": 170,
        "contract": 4835,
        "name": "Товарищество с ограниченной ответственностью \"SST Property\"",
        "bin": "080740009141",
        "activity": "Промышленность",
        "district": "Ауэзовский",
        "address": "ДОСТЫК, ЖАЙДАРМАН, 80",
        "month_01_m3": 174,
        "month_02_m3": 229,
        "month_03_m3": 241,
        "month_04_m3": 234,
        "month_05_m3": 293,
        "month_06_m3": 236.24,
        "avg_monthly_m3": 234.54,
        "volume_class": "D · <1k",
        "marker_size": 8.06,
        "coord_quality": "high",
        "coord_source": "2gis_address",
        "coord_method": "Адресная карточка 2GIS",
        "needs_review": false,
        "cluster_eligible": true,
        "coord_source_url": "https://2gis.kz/almaty/geo/9430047375087025",
        "original_coordinates": "",
        "source_coordinate_count": 0,
        "coord_note": "​Улица Тургенская, 51а​улица Жайдарман, 80"
      }
    },
    {
      "type": "Feature",
      "id": "abonent-171",
      "geometry": {
        "type": "Point",
        "coordinates": [
          76.949189,
          43.289139
        ]
      },
      "properties": {
        "row_id": 171,
        "contract": 5705,
        "name": "Товарищество с ограниченной ответственностью \"БАСКО\"",
        "bin": "960740000628",
        "activity": "Административные зданияПроизводственный цех",
        "district": "Жетысуский",
        "address": "ТЮЛЬКУБАССКАЯ, 2",
        "month_01_m3": 320,
        "month_02_m3": 375,
        "month_03_m3": 302,
        "month_04_m3": 98,
        "month_05_m3": 126,
        "month_06_m3": 127,
        "avg_monthly_m3": 224.66666666666666,
        "volume_class": "D · <1k",
        "marker_size": 8,
        "coord_quality": "source",
        "coord_source": "source_workbook",
        "coord_method": "Исходная координата",
        "needs_review": false,
        "cluster_eligible": true,
        "coord_source_url": "",
        "original_coordinates": "43,289139/76,949189",
        "source_coordinate_count": 1,
        "coord_note": ""
      }
    },
    {
      "type": "Feature",
      "id": "abonent-172",
      "geometry": {
        "type": "Point",
        "coordinates": [
          76.930437,
          43.2921197
        ]
      },
      "properties": {
        "row_id": 172,
        "contract": 15723,
        "name": "Индивидуальный предприниматель Ибрагимов Абдукарим Совутович",
        "bin": "661212300298",
        "activity": "СкладыПроизводственный цех",
        "district": "Жетысуский",
        "address": "РЫСКУЛОВА , 43/1",
        "month_01_m3": 0,
        "month_02_m3": 797,
        "month_03_m3": 150,
        "month_04_m3": 278,
        "month_05_m3": 52,
        "month_06_m3": 51,
        "avg_monthly_m3": 221.33333333333334,
        "volume_class": "D · <1k",
        "marker_size": 7.98,
        "coord_quality": "high",
        "coord_source": "nominatim_osm",
        "coord_method": "Точный адрес OpenStreetMap",
        "needs_review": false,
        "cluster_eligible": true,
        "coord_source_url": "https://www.openstreetmap.org/way/1268430397",
        "original_coordinates": "",
        "source_coordinate_count": 0,
        "coord_note": "43/1, проспект Рыскулова, Жетысуский район, Алматы, 050066, Казахстан"
      }
    },
    {
      "type": "Feature",
      "id": "abonent-173",
      "geometry": {
        "type": "Point",
        "coordinates": [
          76.928282,
          43.233191
        ]
      },
      "properties": {
        "row_id": 173,
        "contract": 534701,
        "name": "Физическое лицо Бек Аскар Шарипулы",
        "bin": "641109301541",
        "activity": "Производственный цех",
        "district": "Бостандыкский",
        "address": "МАРКОВА, 22/21",
        "month_01_m3": 137,
        "month_02_m3": 168,
        "month_03_m3": 249,
        "month_04_m3": 187,
        "month_05_m3": 180,
        "month_06_m3": 407,
        "avg_monthly_m3": 221.33333333333334,
        "volume_class": "D · <1k",
        "marker_size": 7.98,
        "coord_quality": "source",
        "coord_source": "source_workbook",
        "coord_method": "Исходная координата",
        "needs_review": false,
        "cluster_eligible": true,
        "coord_source_url": "",
        "original_coordinates": "43,233191/76,928282",
        "source_coordinate_count": 1,
        "coord_note": ""
      }
    },
    {
      "type": "Feature",
      "id": "abonent-174",
      "geometry": {
        "type": "Point",
        "coordinates": [
          76.906219,
          43.285986
        ]
      },
      "properties": {
        "row_id": 174,
        "contract": 5007,
        "name": "Акционерное общество \"Алматыгазмонтаж\"",
        "bin": "960540000819",
        "activity": "ПромышленностьОфисы",
        "district": "Жетысуский",
        "address": "БОКЕЙХАНОВА АЛИХАНА, 53",
        "month_01_m3": 157,
        "month_02_m3": 0,
        "month_03_m3": 0,
        "month_04_m3": 324,
        "month_05_m3": 423,
        "month_06_m3": 382,
        "avg_monthly_m3": 214.33333333333334,
        "volume_class": "D · <1k",
        "marker_size": 7.93,
        "coord_quality": "source",
        "coord_source": "source_workbook",
        "coord_method": "Исходная координата",
        "needs_review": false,
        "cluster_eligible": true,
        "coord_source_url": "",
        "original_coordinates": "43,285986/76,906219",
        "source_coordinate_count": 1,
        "coord_note": ""
      }
    },
    {
      "type": "Feature",
      "id": "abonent-175",
      "geometry": {
        "type": "Point",
        "coordinates": [
          77.138283,
          43.357009
        ]
      },
      "properties": {
        "row_id": 175,
        "contract": 3055,
        "name": "Товарищество с ограниченной ответственностью \"Крестьянское хозяйство \"Фирма\"Хавдал\"",
        "bin": "930840000686",
        "activity": "Общий",
        "district": "Медеуский",
        "address": "АЛАТАУ ИБРАГИМОВА, 50",
        "month_01_m3": 184,
        "month_02_m3": 72,
        "month_03_m3": 159,
        "month_04_m3": 386,
        "month_05_m3": 231,
        "month_06_m3": 244,
        "avg_monthly_m3": 212.66666666666666,
        "volume_class": "D · <1k",
        "marker_size": 7.92,
        "coord_quality": "low",
        "coord_source": "2gis_nearby_address",
        "coord_method": "Ближайший опубликованный дом 53",
        "needs_review": true,
        "cluster_eligible": false,
        "coord_source_url": "https://2gis.kz/almaty/geo/70030076312652539",
        "original_coordinates": "",
        "source_coordinate_count": 0,
        "coord_note": "Дом 50 не опубликован; использован дом 53 на той же улице."
      }
    },
    {
      "type": "Feature",
      "id": "abonent-176",
      "geometry": {
        "type": "Point",
        "coordinates": [
          76.927255,
          43.283612
        ]
      },
      "properties": {
        "row_id": 176,
        "contract": 5301,
        "name": "Товарищество с ограниченной ответственностью \"VerStrom & Co.\"",
        "bin": "110340015279",
        "activity": "Производственный цех",
        "district": "Жетысуский",
        "address": "МУРМАНСКАЯ, д.4",
        "month_01_m3": 542,
        "month_02_m3": 537.15,
        "month_03_m3": 34.550000000000004,
        "month_04_m3": 38.15,
        "month_05_m3": 41.01,
        "month_06_m3": 80.02,
        "avg_monthly_m3": 212.14666666666668,
        "volume_class": "D · <1k",
        "marker_size": 7.91,
        "coord_quality": "source",
        "coord_source": "source_workbook",
        "coord_method": "Исходная координата",
        "needs_review": false,
        "cluster_eligible": true,
        "coord_source_url": "",
        "original_coordinates": "43,283612/76,927255",
        "source_coordinate_count": 1,
        "coord_note": ""
      }
    },
    {
      "type": "Feature",
      "id": "abonent-177",
      "geometry": {
        "type": "Point",
        "coordinates": [
          76.991269,
          43.350952
        ]
      },
      "properties": {
        "row_id": 177,
        "contract": 6817,
        "name": "Товарищество с ограниченной ответственностью \"Adal SU\"",
        "bin": "070340010149",
        "activity": "Административные зданияПроизводственный цех",
        "district": "Турксибский",
        "address": "АЛТАЙ-2, 15 А",
        "month_01_m3": 199,
        "month_02_m3": 205,
        "month_03_m3": 150,
        "month_04_m3": 208,
        "month_05_m3": 278,
        "month_06_m3": 230.75,
        "avg_monthly_m3": 211.79166666666666,
        "volume_class": "D · <1k",
        "marker_size": 7.91,
        "coord_quality": "source",
        "coord_source": "source_workbook",
        "coord_method": "Исходная координата",
        "needs_review": false,
        "cluster_eligible": true,
        "coord_source_url": "",
        "original_coordinates": "43,350952/76,991269",
        "source_coordinate_count": 1,
        "coord_note": ""
      }
    },
    {
      "type": "Feature",
      "id": "abonent-178",
      "geometry": {
        "type": "Point",
        "coordinates": [
          76.866698,
          43.205413
        ]
      },
      "properties": {
        "row_id": 178,
        "contract": 7314,
        "name": "Индивидуальный предприниматель Линник Виктор Петрович",
        "bin": "500725301193",
        "activity": "СкладыОфисыПроизводственный цех",
        "district": "Ауэзовский",
        "address": "ПЯТНИЦКОГО, 102А",
        "month_01_m3": 260,
        "month_02_m3": 133,
        "month_03_m3": 160,
        "month_04_m3": 195,
        "month_05_m3": 216,
        "month_06_m3": 288,
        "avg_monthly_m3": 208.66666666666666,
        "volume_class": "D · <1k",
        "marker_size": 7.89,
        "coord_quality": "source",
        "coord_source": "source_workbook",
        "coord_method": "Исходная координата",
        "needs_review": false,
        "cluster_eligible": true,
        "coord_source_url": "",
        "original_coordinates": "43,205413/76,866698",
        "source_coordinate_count": 1,
        "coord_note": ""
      }
    },
    {
      "type": "Feature",
      "id": "abonent-179",
      "geometry": {
        "type": "Point",
        "coordinates": [
          76.9681675,
          43.3500606
        ]
      },
      "properties": {
        "row_id": 179,
        "contract": 16130,
        "name": "Товарищество с ограниченной ответственностью \"АВИСО\"",
        "bin": "951240000736",
        "activity": "Административные зданияПроизводственный цех",
        "district": "Турксибский",
        "address": "БЕКМАХАНОВА, 92",
        "month_01_m3": 0,
        "month_02_m3": 443,
        "month_03_m3": 129,
        "month_04_m3": 277,
        "month_05_m3": 123,
        "month_06_m3": 268,
        "avg_monthly_m3": 206.66666666666666,
        "volume_class": "D · <1k",
        "marker_size": 7.88,
        "coord_quality": "high",
        "coord_source": "nominatim_osm",
        "coord_method": "Точный адрес OpenStreetMap",
        "needs_review": false,
        "cluster_eligible": true,
        "coord_source_url": "https://www.openstreetmap.org/way/1155705549",
        "original_coordinates": "",
        "source_coordinate_count": 0,
        "coord_note": "92, улица Бекмаханова, микрорайон \"Пятилетка\", Турксибский район, Алматы, A36H0B8, Казахстан"
      }
    },
    {
      "type": "Feature",
      "id": "abonent-180",
      "geometry": {
        "type": "Point",
        "coordinates": [
          76.926497,
          43.275317
        ]
      },
      "properties": {
        "row_id": 180,
        "contract": 528809,
        "name": "Физическое лицо Добай Мохаммед Асаф",
        "bin": "730701303225",
        "activity": "Производственный цех",
        "district": "Жетысуский",
        "address": "ПОЛЕЖАЕВА, 92A",
        "month_01_m3": 291,
        "month_02_m3": 284,
        "month_03_m3": 218,
        "month_04_m3": 124,
        "month_05_m3": 128.91,
        "month_06_m3": 185,
        "avg_monthly_m3": 205.15166666666667,
        "volume_class": "D · <1k",
        "marker_size": 7.86,
        "coord_quality": "source",
        "coord_source": "source_workbook",
        "coord_method": "Исходная координата",
        "needs_review": false,
        "cluster_eligible": true,
        "coord_source_url": "",
        "original_coordinates": "43,275317/76,926497",
        "source_coordinate_count": 1,
        "coord_note": ""
      }
    },
    {
      "type": "Feature",
      "id": "abonent-181",
      "geometry": {
        "type": "Point",
        "coordinates": [
          76.830176,
          43.20965
        ]
      },
      "properties": {
        "row_id": 181,
        "contract": 10840,
        "name": "Товарищество с ограниченной ответственностью \"Saba Food\"",
        "bin": "150440020137",
        "activity": "Производственный цех",
        "district": "Наурызбайский",
        "address": "ДОСТЫК, ПИОНЕРСКАЯ, 53",
        "month_01_m3": 199,
        "month_02_m3": 147,
        "month_03_m3": 146,
        "month_04_m3": 246,
        "month_05_m3": 232,
        "month_06_m3": 242,
        "avg_monthly_m3": 202,
        "volume_class": "D · <1k",
        "marker_size": 7.84,
        "coord_quality": "source",
        "coord_source": "source_workbook",
        "coord_method": "Исходная координата",
        "needs_review": false,
        "cluster_eligible": true,
        "coord_source_url": "",
        "original_coordinates": "43,20965/76,830176",
        "source_coordinate_count": 1,
        "coord_note": ""
      }
    },
    {
      "type": "Feature",
      "id": "abonent-182",
      "geometry": {
        "type": "Point",
        "coordinates": [
          76.9487,
          43.28975
        ]
      },
      "properties": {
        "row_id": 182,
        "contract": 15063,
        "name": "Индивидуальный предприниматель Турлымуратов Берик Сактаганович",
        "bin": "690115300730",
        "activity": "ОфисыПроизводственный цех",
        "district": "Жетысуский",
        "address": "СУЮНБАЯ, 157Б",
        "month_01_m3": 127,
        "month_02_m3": 0,
        "month_03_m3": 403,
        "month_04_m3": 277,
        "month_05_m3": 0,
        "month_06_m3": 393,
        "avg_monthly_m3": 200,
        "volume_class": "D · <1k",
        "marker_size": 7.83,
        "coord_quality": "source",
        "coord_source": "source_workbook",
        "coord_method": "Исходная координата",
        "needs_review": false,
        "cluster_eligible": true,
        "coord_source_url": "",
        "original_coordinates": "43,28975/76,9487",
        "source_coordinate_count": 1,
        "coord_note": ""
      }
    },
    {
      "type": "Feature",
      "id": "abonent-183",
      "geometry": {
        "type": "Point",
        "coordinates": [
          76.8497167,
          43.2590378
        ]
      },
      "properties": {
        "row_id": 183,
        "contract": 539077,
        "name": "Физическое лицо Уткелов Жан Булатович",
        "bin": "760812300061",
        "activity": "СкладыОфисы",
        "district": "Алатауский",
        "address": "РЫСКУЛОВА , 232",
        "month_01_m3": 0,
        "month_02_m3": 0,
        "month_03_m3": 0,
        "month_04_m3": 0,
        "month_05_m3": 90,
        "month_06_m3": 160,
        "avg_monthly_m3": 0,
        "volume_class": "D · <1k",
        "marker_size": 5,
        "coord_quality": "high",
        "coord_source": "nominatim_osm",
        "coord_method": "Точный адрес OpenStreetMap",
        "needs_review": false,
        "cluster_eligible": true,
        "coord_source_url": "https://www.openstreetmap.org/way/1287692739",
        "original_coordinates": "",
        "source_coordinate_count": 0,
        "coord_note": "232, проспект Рыскулова, АДК, Алатауский район, Алматы, 050061, Казахстан"
      }
    }
  ]
}